Workbook
Name TRANSMUTATION_TABLE: 'DO NOT DELETE'!$G$2:$J$42

Sheet INPUT DATA
A1: Input Data Sheet for E-Class Record
C4: REGION | L4: DIVISION
B5: SCHOOL NAME | T5: SCHOOL ID | AD5: SCHOOL YEAR
F7: GRADE & SECTION: | Q7: TEACHER: | AC7: SUBJECT:
B8: LEARNERS' NAMES
B11: MALE
A12: 1 | B12: Quan, Dean D. | C12: 0 | D12: 0 | E12: 0
A13: 2 | B13: Beltran, Julian S. | C13: 0 | D13: 0 | E13: 0
A14: 3 | B14: Castro, Angelo P. | C14: 0 | D14: 0 | E14: 0
A15: 4 | B15: Dela Cruz, Mateo G. | C15: 0 | D15: 0 | E15: 0
A16: 5 | B16: Enriquez, David J. | C16: 0 | D16: 0 | E16: 0
A17: 6 | B17: Fajardo, Simon T. | C17: 0 | D17: 0 | E17: 0
A18: 7 | B18: Garcia, Rafael V. | C18: 0 | D18: 0 | E18: 0
A19: 8 | B19: Hernandez, Luis M. | C19: 0 | D19: 0 | E19: 0
A20: 9 | B20: Ignacio, Kevin R. | C20: 0 | D20: 0 | E20: 0
A21: 10 | B21: Javier, Marcus D. | C21: 0 | D21: 0 | E21: 0
A22: 11 | B22: Lim, Justin B. | C22: 0 | D22: 0 | E22: 0
A23: 12 | B23: Mercado, Nathan F. | C23: 0 | D23: 0 | E23: 0
... A33: 22 | B33: Yabut, Francis K. | C33: 0 | D33: 0 | E33: 0
A34: 23 | C34: 0 | D34: 0 | E34: 0
A35: 24 | C35: 0 | D35: 0 | E35: 0
A36: 25 | C36: 0 | D36: 0 | E36: 0
A37: 26 | C37: 0 | D37: 0 | E37: 0
A38: 27 | C38: 0 | D38: 0 | E38: 0
A39: 28 | C39: 0 | D39: 0 | E39: 0
A40: 29 | C40: 0 | D40: 0 | E40: 0
A41: 30 | C41: 0 | D41: 0 | E41: 0
A42: 31 | C42: 0 | D42: 0 | E42: 0
A43: 32 | C43: 0 | D43: 0 | E43: 0
A44: 33 | C44: 0 | D44: 0 | E44: 0
A45: 34 | C45: 0 | D45: 0 | E45: 0
... A61: 50 | C61: 0 | D61: 0 | E61: 0
B62: FEMALE
A63: 1 | B63: Tokoyami, Towa H. | C63: 0 | D63: 0 | E63: 0
A64: 2 | B64: Piatos, Mary Grace O. | C64: 0 | D64: 0 | E64: 0
A65: 3 | B65: Bautista, Elena M. | C65: 0 | D65: 0 | E65: 0
A66: 4 | B66: Castillo, Isabella D. | C66: 0 | D66: 0 | E66: 0
A67: 5 | B67: Domingo, Chloe A. | C67: 0 | D67: 0 | E67: 0
A68: 6 | B68: Evangelista, Mia K. | C68: 0 | D68: 0 | E68: 0
A69: 7 | B69: Ferrer, Jasmine P. | C69: 0 | D69: 0 | E69: 0
A70: 8 | B70: Gonzales, Beatrice F. | C70: 0 | D70: 0 | E70: 0
A71: 9 | B71: Herrera, Naomi G. | C71: 0 | D71: 0 | E71: 0
A72: 10 | B72: Ibarra, Penelope C. | C72: 0 | D72: 0 | E72: 0
A73: 11 | B73: Jimenez, Clara S. | C73: 0 | D73: 0 | E73: 0
A74: 12 | B74: Lagman, Aurora V. | C74: 0 | D74: 0 | E74: 0
... A86: 24 | B86: Zamora, Felicity P. | C86: 0 | D86: 0 | E86: 0
A87: 25 | C87: 0 | D87: 0 | E87: 0
A88: 26 | C88: 0 | D88: 0 | E88: 0
A89: 27 | C89: 0 | D89: 0 | E89: 0
A90: 28 | C90: 0 | D90: 0 | E90: 0
A91: 29 | C91: 0 | D91: 0 | E91: 0
A92: 30 | C92: 0 | D92: 0 | E92: 0
A93: 31 | C93: 0 | D93: 0 | E93: 0
A94: 32 | C94: 0 | D94: 0 | E94: 0
A95: 33 | C95: 0 | D95: 0 | E95: 0
A96: 34 | C96: 0 | D96: 0 | E96: 0
A97: 35 | C97: 0 | D97: 0 | E97: 0
A98: 36 | C98: 0 | D98: 0 | E98: 0
... A112: 50 | C112: 0 | D112: 0 | E112: 0

Sheet ENGLISH _Q1
A1: Class Record
A3: (Pursuant to Deped Order 8 series of 2015)
C4: REGION | G4: ='INPUT DATA'!G4 -> 0 | L4: DIVISION | O4: ='INPUT DATA'!O4 -> 0
B5: SCHOOL NAME | G5: ='INPUT DATA'!G5 -> 0 | T5: SCHOOL ID | X5: ='INPUT DATA'!X5 -> 0 | AD5: SCHOOL YEAR | AG5: ='INPUT DATA'!AG5 -> 0
A7: FIRST QUARTER | F7: GRADE & SECTION: | K7: ='INPUT DATA'!K7 -> 0 | Q7: TEACHER: | S7: ='INPUT DATA'!S7 -> 0 | AC7: SUBJECT: | AG7: ='INPUT DATA'!AG7 -> 0
B8: LEARNERS' NAMES | F8: WRITTEN WORKS (30%) | S8: PERFORMANCE TASKS (50%) | AF8: QUARTERLY ASSESSMENT (20%) | AI8: Initial | AJ8: Quarterly
F9: 1 | G9: 2 | H9: 3 | I9: 4 | J9: 5 | K9: 6 | L9: 7 | M9: 8 | N9: 9 | O9: 10 | P9: Total | Q9: PS | R9: WS | S9: 1 | T9: 2 | U9: 3 | V9: 4 | W9: 5 | X9: 6 | Y9: 7 | Z9: 8 | AA9: 9 | AB9: 10 | AC9: Total | AD9: PS | AE9: WS | AF9: 1 | AG9: PS | AH9: WS | AI9: Grade | AJ9: Grade
B10: HIGHEST POSSIBLE SCORE | F10: 30 | G10: 50 | H10: 20 | P10: =IF(COUNT($F10:$O10)=0,"",SUM($F10:$O10)) -> 100 | Q10: 100 | R10: 0.3 | S10: 20 | T10: 25 | AC10: =IF(COUNT($S10:$AB10)=0,"",SUM($S10:$AB10)) -> 45 | AD10: 100 | AE10: 0.5 | AF10: 50 | AG10: 100 | AH10: 0.2
B11: MALE
A12: 1 | B12: ='INPUT DATA'!B12 -> Quan, Dean D. | F12: 10 | G12: 25 | H12: 10 | P12: =IF(COUNT($F12:$O12)=0,"",SUM($F12:$O12)) -> 45 | Q12: =IF(ISERROR(IF($P12="","",ROUND(($P12/$P$10)*$Q$10,2))),"",IF($P12="","",ROUND(($P12/$P$10)*$Q$10,2))) -> 45 | R12: =IF($Q12="","",ROUND($Q12*$R$10,2)) -> 13.5 | S12: 19 | T12: 10 | AC12: =IF(COUNT($S12:$AB12)=0,"",SUM($S12:$AB12)) -> 29 | AD12: =IF(ISERROR(IF($AC12="","",ROUND(($AC12/$AC$10)*$AD$10,2))),"",IF($AC12="","",ROUND(($AC12/$AC$10)*$AD$10,2))) -> 64.44 | AE12: =IF($AD12="","",ROUND($AD12*$AE$10,2)) -> 32.22 | AF12: 49 | AG12: =IF(ISERROR(IF($AF12="","",ROUND(($AF12/$AF$10)*$AG$10,2))),"",IF($AF12="","",ROUND(($AF12/$AF$10)*$AG$10,2))) -> 98 | AH12: =IF($AG12="","",ROUND($AG12*$AH$10,2)) -> 19.6 | AI12: =IF(ISERROR(IF($AF12="","",ROUND(SUM($R12,$AE12,$AH12),2))),"",IF($AF12="","",ROUND(SUM($R12,$AE12,$AH12),2))) -> 65.32 | AJ12: =IF(ISERROR(IF($AF12="","",VLOOKUP(AI12,TRANSMUTATION_TABLE,4,TRUE))),"",IF($AF12="","",VLOOKUP(AI12,TRANSMUTATION_TABLE,4,TRUE))) -> 78
A13: 2 | B13: ='INPUT DATA'!B13 -> Beltran, Julian S. | F13: 10 | G13: 25 | H13: 15 | P13: =IF(COUNT($F13:$O13)=0,"",SUM($F13:$O13)) -> 50 | Q13: =IF(ISERROR(IF($P13="","",ROUND(($P13/$P$10)*$Q$10,2))),"",IF($P13="","",ROUND(($P13/$P$10)*$Q$10,2))) -> 50 | R13: =IF($Q13="","",ROUND($Q13*$R$10,2)) -> 15 | S13: 10 | T13: 13 | AC13: =IF(COUNT($S13:$AB13)=0,"",SUM($S13:$AB13)) -> 23 | AD13: =IF(ISERROR(IF($AC13="","",ROUND(($AC13/$AC$10)*$AD$10,2))),"",IF($AC13="","",ROUND(($AC13/$AC$10)*$AD$10,2))) -> 51.11 | AE13: =IF($AD13="","",ROUND($AD13*$AE$10,2)) -> 25.56 | AF13: 48 | AG13: =IF(ISERROR(IF($AF13="","",ROUND(($AF13/$AF$10)*$AG$10,2))),"",IF($AF13="","",ROUND(($AF13/$AF$10)*$AG$10,2))) -> 96 | AH13: =IF($AG13="","",ROUND($AG13*$AH$10,2)) -> 19.2 | AI13: =IF(ISERROR(IF($AF13="","",ROUND(SUM($R13,$AE13,$AH13),2))),"",IF($AF13="","",ROUND(SUM($R13,$AE13,$AH13),2))) -> 59.76 | AJ13: =IF(ISERROR(IF($AF13="","",VLOOKUP(AI13,TRANSMUTATION_TABLE,4,TRUE))),"",IF($AF13="","",VLOOKUP(AI13,TRANSMUTATION_TABLE,4,TRUE))) -> 74
A14: 3 | B14: ='INPUT DATA'!B14 -> Castro, Angelo P. | F14: 13 | G14: 44 | H14: 20 | P14: =IF(COUNT($F14:$O14)=0,"",SUM($F14:$O14)) -> 77 | Q14: =IF(ISERROR(IF($P14="","",ROUND(($P14/$P$10)*$Q$10,2))),"",IF($P14="","",ROUND(($P14/$P$10)*$Q$10,2))) -> 77 | R14: =IF($Q14="","",ROUND($Q14*$R$10,2)) -> 23.1 | S14: 19 | T14: 20 | AC14: =IF(COUNT($S14:$AB14)=0,"",SUM($S14:$AB14)) -> 39 | AD14: =IF(ISERROR(IF($AC14="","",ROUND(($AC14/$AC$10)*$AD$10,2))),"",IF($AC14="","",ROUND(($AC14/$AC$10)*$AD$10,2))) -> 86.67 | AE14: =IF($AD14="","",ROUND($AD14*$AE$10,2)) -> 43.34 | AF14: 38 | AG14: =IF(ISERROR(IF($AF14="","",ROUND(($AF14/$AF$10)*$AG$10,2))),"",IF($AF14="","",ROUND(($AF14/$AF$10)*$AG$10,2))) -> 76 | AH14: =IF($AG14="","",ROUND($AG14*$AH$10,2)) -> 15.2 | AI14: =IF(ISERROR(IF($AF14="","",ROUND(SUM($R14,$AE14,$AH14),2))),"",IF($AF14="","",ROUND(SUM($R14,$AE14,$AH14),2))) -> 81.64 | AJ14: =IF(ISERROR(IF($AF14="","",VLOOKUP(AI14,TRANSMUTATION_TABLE,4,TRUE))),"",IF($AF14="","",VLOOKUP(AI14,TRANSMUTATION_TABLE,4,TRUE))) -> 88
A15: 4 | B15: ='INPUT DATA'!B15 -> Dela Cruz, Mateo G. | F15: 26 | G15: 41 | H15: 19 | P15: =IF(COUNT($F15:$O15)=0,"",SUM($F15:$O15)) -> 86 | Q15: =IF(ISERROR(IF($P15="","",ROUND(($P15/$P$10)*$Q$10,2))),"",IF($P15="","",ROUND(($P15/$P$10)*$Q$10,2))) -> 86 | R15: =IF($Q15="","",ROUND($Q15*$R$10,2)) -> 25.8 | S15: 15 | T15: 19 | AC15: =IF(COUNT($S15:$AB15)=0,"",SUM($S15:$AB15)) -> 34 | AD15: =IF(ISERROR(IF($AC15="","",ROUND(($AC15/$AC$10)*$AD$10,2))),"",IF($AC15="","",ROUND(($AC15/$AC$10)*$AD$10,2))) -> 75.56 | AE15: =IF($AD15="","",ROUND($AD15*$AE$10,2)) -> 37.78 | AF15: 46 | AG15: =IF(ISERROR(IF($AF15="","",ROUND(($AF15/$AF$10)*$AG$10,2))),"",IF($AF15="","",ROUND(($AF15/$AF$10)*$AG$10,2))) -> 92 | AH15: =IF($AG15="","",ROUND($AG15*$AH$10,2)) -> 18.4 | AI15: =IF(ISERROR(IF($AF15="","",ROUND(SUM($R15,$AE15,$AH15),2))),"",IF($AF15="","",ROUND(SUM($R15,$AE15,$AH15),2))) -> 81.98 | AJ15: =IF(ISERROR(IF($AF15="","",VLOOKUP(AI15,TRANSMUTATION_TABLE,4,TRUE))),"",IF($AF15="","",VLOOKUP(AI15,TRANSMUTATION_TABLE,4,TRUE))) -> 88
A16: 5 | B16: ='INPUT DATA'!B16 -> Enriquez, David J. | F16: 22 | G16: 30 | H16: 19 | P16: =IF(COUNT($F16:$O16)=0,"",SUM($F16:$O16)) -> 71 | Q16: =IF(ISERROR(IF($P16="","",ROUND(($P16/$P$10)*$Q$10,2))),"",IF($P16="","",ROUND(($P16/$P$10)*$Q$10,2))) -> 71 | R16: =IF($Q16="","",ROUND($Q16*$R$10,2)) -> 21.3 | S16: 16 | T16: 17 | AC16: =IF(COUNT($S16:$AB16)=0,"",SUM($S16:$AB16)) -> 33 | AD16: =IF(ISERROR(IF($AC16="","",ROUND(($AC16/$AC$10)*$AD$10,2))),"",IF($AC16="","",ROUND(($AC16/$AC$10)*$AD$10,2))) -> 73.33 | AE16: =IF($AD16="","",ROUND($AD16*$AE$10,2)) -> 36.67 | AF16: 45 | AG16: =IF(ISERROR(IF($AF16="","",ROUND(($AF16/$AF$10)*$AG$10,2))),"",IF($AF16="","",ROUND(($AF16/$AF$10)*$AG$10,2))) -> 90 | AH16: =IF($AG16="","",ROUND($AG16*$AH$10,2)) -> 18 | AI16: =IF(ISERROR(IF($AF16="","",ROUND(SUM($R16,$AE16,$AH16),2))),"",IF($AF16="","",ROUND(SUM($R16,$AE16,$AH16),2))) -> 75.97 | AJ16: =IF(ISERROR(IF($AF16="","",VLOOKUP(AI16,TRANSMUTATION_TABLE,4,TRUE))),"",IF($AF16="","",VLOOKUP(AI16,TRANSMUTATION_TABLE,4,TRUE))) -> 84
A17: 6 | B17: ='INPUT DATA'!B17 -> Fajardo, Simon T. | F17: 25 | G17: 25 | H17: 17 | P17: =IF(COUNT($F17:$O17)=0,"",SUM($F17:$O17)) -> 67 | Q17: =IF(ISERROR(IF($P17="","",ROUND(($P17/$P$10)*$Q$10,2))),"",IF($P17="","",ROUND(($P17/$P$10)*$Q$10,2))) -> 67 | R17: =IF($Q17="","",ROUND($Q17*$R$10,2)) -> 20.1 | S17: 18 | T17: 23 | AC17: =IF(COUNT($S17:$AB17)=0,"",SUM($S17:$AB17)) -> 41 | AD17: =IF(ISERROR(IF($AC17="","",ROUND(($AC17/$AC$10)*$AD$10,2))),"",IF($AC17="","",ROUND(($AC17/$AC$10)*$AD$10,2))) -> 91.11 | AE17: =IF($AD17="","",ROUND($AD17*$AE$10,2)) -> 45.56 | AF17: 49 | AG17: =IF(ISERROR(IF($AF17="","",ROUND(($AF17/$AF$10)*$AG$10,2))),"",IF($AF17="","",ROUND(($AF17/$AF$10)*$AG$10,2))) -> 98 | AH17: =IF($AG17="","",ROUND($AG17*$AH$10,2)) -> 19.6 | AI17: =IF(ISERROR(IF($AF17="","",ROUND(SUM($R17,$AE17,$AH17),2))),"",IF($AF17="","",ROUND(SUM($R17,$AE17,$AH17),2))) -> 85.26 | AJ17: =IF(ISERROR(IF($AF17="","",VLOOKUP(AI17,TRANSMUTATION_TABLE,4,TRUE))),"",IF($AF17="","",VLOOKUP(AI17,TRANSMUTATION_TABLE,4,TRUE))) -> 90
A18: 7 | B18: ='INPUT DATA'!B18 -> Garcia, Rafael V. | F18: 29 | G18: 39 | H18: 16 | P18: =IF(COUNT($F18:$O18)=0,"",SUM($F18:$O18)) -> 84 | Q18: =IF(ISERROR(IF($P18="","",ROUND(($P18/$P$10)*$Q$10,2))),"",IF($P18="","",ROUND(($P18/$P$10)*$Q$10,2))) -> 84 | R18: =IF($Q18="","",ROUND($Q18*$R$10,2)) -> 25.2 | S18: 11 | T18: 25 | AC18: =IF(COUNT($S18:$AB18)=0,"",SUM($S18:$AB18)) -> 36 | AD18: =IF(ISERROR(IF($AC18="","",ROUND(($AC18/$AC$10)*$AD$10,2))),"",IF($AC18="","",ROUND(($AC18/$AC$10)*$AD$10,2))) -> 80 | AE18: =IF($AD18="","",ROUND($AD18*$AE$10,2)) -> 40 | AF18: 47 | AG18: =IF(ISERROR(IF($AF18="","",ROUND(($AF18/$AF$10)*$AG$10,2))),"",IF($AF18="","",ROUND(($AF18/$AF$10)*$AG$10,2))) -> 94 | AH18: =IF($AG18="","",ROUND($AG18*$AH$10,2)) -> 18.8 | AI18: =IF(ISERROR(IF($AF18="","",ROUND(SUM($R18,$AE18,$AH18),2))),"",IF($AF18="","",ROUND(SUM($R18,$AE18,$AH18),2))) -> 84 | AJ18: =IF(ISERROR(IF($AF18="","",VLOOKUP(AI18,TRANSMUTATION_TABLE,4,TRUE))),"",IF($AF18="","",VLOOKUP(AI18,TRANSMUTATION_TABLE,4,TRUE))) -> 90
A19: 8 | B19: ='INPUT DATA'!B19 -> Hernandez, Luis M. | D19: 0 | F19: 30 | G19: 40 | H19: 13 | P19: =IF(COUNT($F19:$O19)=0,"",SUM($F19:$O19)) -> 83 | Q19: =IF(ISERROR(IF($P19="","",ROUND(($P19/$P$10)*$Q$10,2))),"",IF($P19="","",ROUND(($P19/$P$10)*$Q$10,2))) -> 83 | R19: =IF($Q19="","",ROUND($Q19*$R$10,2)) -> 24.9 | S19: 17 | T19: 21 | AC19: =IF(COUNT($S19:$AB19)=0,"",SUM($S19:$AB19)) -> 38 | AD19: =IF(ISERROR(IF($AC19="","",ROUND(($AC19/$AC$10)*$AD$10,2))),"",IF($AC19="","",ROUND(($AC19/$AC$10)*$AD$10,2))) -> 84.44 | AE19: =IF($AD19="","",ROUND($AD19*$AE$10,2)) -> 42.22 | AF19: 50 | AG19: =IF(ISERROR(IF($AF19="","",ROUND(($AF19/$AF$10)*$AG$10,2))),"",IF($AF19="","",ROUND(($AF19/$AF$10)*$AG$10,2))) -> 100 | AH19: =IF($AG19="","",ROUND($AG19*$AH$10,2)) -> 20 | AI19: =IF(ISERROR(IF($AF19="","",ROUND(SUM($R19,$AE19,$AH19),2))),"",IF($AF19="","",ROUND(SUM($R19,$AE19,$AH19),2))) -> 87.12 | AJ19: =IF(ISERROR(IF($AF19="","",VLOOKUP(AI19,TRANSMUTATION_TABLE,4,TRUE))),"",IF($AF19="","",VLOOKUP(AI19,TRANSMUTATION_TABLE,4,TRUE))) -> 91
A20: 9 | B20: ='INPUT DATA'!B20 -> Ignacio, Kevin R. | F20: 28 | G20: 49 | H20: 18 | P20: =IF(COUNT($F20:$O20)=0,"",SUM($F20:$O20)) -> 95 | Q20: =IF(ISERROR(IF($P20="","",ROUND(($P20/$P$10)*$Q$10,2))),"",IF($P20="","",ROUND(($P20/$P$10)*$Q$10,2))) -> 95 | R20: =IF($Q20="","",ROUND($Q20*$R$10,2)) -> 28.5 | S20: 19 | T20: 25 | AC20: =IF(COUNT($S20:$AB20)=0,"",SUM($S20:$AB20)) -> 44 | AD20: =IF(ISERROR(IF($AC20="","",ROUND(($AC20/$AC$10)*$AD$10,2))),"",IF($AC20="","",ROUND(($AC20/$AC$10)*$AD$10,2))) -> 97.78 | AE20: =IF($AD20="","",ROUND($AD20*$AE$10,2)) -> 48.89 | AF20: 46 | AG20: =IF(ISERROR(IF($AF20="","",ROUND(($AF20/$AF$10)*$AG$10,2))),"",IF($AF20="","",ROUND(($AF20/$AF$10)*$AG$10,2))) -> 92 | AH20: =IF($AG20="","",ROUND($AG20*$AH$10,2)) -> 18.4 | AI20: =IF(ISERROR(IF($AF20="","",ROUND(SUM($R20,$AE20,$AH20),2))),"",IF($AF20="","",ROUND(SUM($R20,$AE20,$AH20),2))) -> 95.79 | AJ20: =IF(ISERROR(IF($AF20="","",VLOOKUP(AI20,TRANSMUTATION_TABLE,4,TRUE))),"",IF($AF20="","",VLOOKUP(AI20,TRANSMUTATION_TABLE,4,TRUE))) -> 97
A21: 10 | B21: ='INPUT DATA'!B21 -> Javier, Marcus D. | F21: 30 | G21: 48 | H21: 11 | P21: =IF(COUNT($F21:$O21)=0,"",SUM($F21:$O21)) -> 89 | Q21: =IF(ISERROR(IF($P21="","",ROUND(($P21/$P$10)*$Q$10,2))),"",IF($P21="","",ROUND(($P21/$P$10)*$Q$10,2))) -> 89 | R21: =IF($Q21="","",ROUND($Q21*$R$10,2)) -> 26.7 | S21: 13 | T21: 20 | AC21: =IF(COUNT($S21:$AB21)=0,"",SUM($S21:$AB21)) -> 33 | AD21: =IF(ISERROR(IF($AC21="","",ROUND(($AC21/$AC$10)*$AD$10,2))),"",IF($AC21="","",ROUND(($AC21/$AC$10)*$AD$10,2))) -> 73.33 | AE21: =IF($AD21="","",ROUND($AD21*$AE$10,2)) -> 36.67 | AF21: 49 | AG21: =IF(ISERROR(IF($AF21="","",ROUND(($AF21/$AF$10)*$AG$10,2))),"",IF($AF21="","",ROUND(($AF21/$AF$10)*$AG$10,2))) -> 98 | AH21: =IF($AG21="","",ROUND($AG21*$AH$10,2)) -> 19.6 | AI21: =IF(ISERROR(IF($AF21="","",ROUND(SUM($R21,$AE21,$AH21),2))),"",IF($AF21="","",ROUND(SUM($R21,$AE21,$AH21),2))) -> 82.97 | AJ21: =IF(ISERROR(IF($AF21="","",VLOOKUP(AI21,TRANSMUTATION_TABLE,4,TRUE))),"",IF($AF21="","",VLOOKUP(AI21,TRANSMUTATION_TABLE,4,TRUE))) -> 89
A22: 11 | B22: ='INPUT DATA'!B22 -> Lim, Justin B. | D22: 0 | F22: 28 | G22: 47 | H22: 19 | P22: =IF(COUNT($F22:$O22)=0,"",SUM($F22:$O22)) -> 94 | Q22: =IF(ISERROR(IF($P22="","",ROUND(($P22/$P$10)*$Q$10,2))),"",IF($P22="","",ROUND(($P22/$P$10)*$Q$10,2))) -> 94 | R22: =IF($Q22="","",ROUND($Q22*$R$10,2)) -> 28.2 | S22: 13 | T22: 18 | AC22: =IF(COUNT($S22:$AB22)=0,"",SUM($S22:$AB22)) -> 31 | AD22: =IF(ISERROR(IF($AC22="","",ROUND(($AC22/$AC$10)*$AD$10,2))),"",IF($AC22="","",ROUND(($AC22/$AC$10)*$AD$10,2))) -> 68.89 | AE22: =IF($AD22="","",ROUND($AD22*$AE$10,2)) -> 34.45 | AF22: 49 | AG22: =IF(ISERROR(IF($AF22="","",ROUND(($AF22/$AF$10)*$AG$10,2))),"",IF($AF22="","",ROUND(($AF22/$AF$10)*$AG$10,2))) -> 98 | AH22: =IF($AG22="","",ROUND($AG22*$AH$10,2)) -> 19.6 | AI22: =IF(ISERROR(IF($AF22="","",ROUND(SUM($R22,$AE22,$AH22),2))),"",IF($AF22="","",ROUND(SUM($R22,$AE22,$AH22),2))) -> 82.25 | AJ22: =IF(ISERROR(IF($AF22="","",VLOOKUP(AI22,TRANSMUTATION_TABLE,4,TRUE))),"",IF($AF22="","",VLOOKUP(AI22,TRANSMUTATION_TABLE,4,TRUE))) -> 88
A23: 12 | B23: ='INPUT DATA'!B23 -> Mercado, Nathan F. | F23: 25 | G23: 50 | H23: 20 | P23: =IF(COUNT($F23:$O23)=0,"",SUM($F23:$O23)) -> 95 | Q23: =IF(ISERROR(IF($P23="","",ROUND(($P23/$P$10)*$Q$10,2))),"",IF($P23="","",ROUND(($P23/$P$10)*$Q$10,2))) -> 95 | R23: =IF($Q23="","",ROUND($Q23*$R$10,2)) -> 28.5 | S23: 15 | T23: 16 | AC23: =IF(COUNT($S23:$AB23)=0,"",SUM($S23:$AB23)) -> 31 | AD23: =IF(ISERROR(IF($AC23="","",ROUND(($AC23/$AC$10)*$AD$10,2))),"",IF($AC23="","",ROUND(($AC23/$AC$10)*$AD$10,2))) -> 68.89 | AE23: =IF($AD23="","",ROUND($AD23*$AE$10,2)) -> 34.45 | AF23: 50 | AG23: =IF(ISERROR(IF($AF23="","",ROUND(($AF23/$AF$10)*$AG$10,2))),"",IF($AF23="","",ROUND(($AF23/$AF$10)*$AG$10,2))) -> 100 | AH23: =IF($AG23="","",ROUND($AG23*$AH$10,2)) -> 20 | AI23: =IF(ISERROR(IF($AF23="","",ROUND(SUM($R23,$AE23,$AH23),2))),"",IF($AF23="","",ROUND(SUM($R23,$AE23,$AH23),2))) -> 82.95 | AJ23: =IF(ISERROR(IF($AF23="","",VLOOKUP(AI23,TRANSMUTATION_TABLE,4,TRUE))),"",IF($AF23="","",VLOOKUP(AI23,TRANSMUTATION_TABLE,4,TRUE))) -> 89
A24: 13 | B24: ='INPUT DATA'!B24 -> Naval, Patrick S. | F24: 29 | G24: 38 | H24: 15 | P24: =IF(COUNT($F24:$O24)=0,"",SUM($F24:$O24)) -> 82 | Q24: =IF(ISERROR(IF($P24="","",ROUND(($P24/$P$10)*$Q$10,2))),"",IF($P24="","",ROUND(($P24/$P$10)*$Q$10,2))) -> 82 | R24: =IF($Q24="","",ROUND($Q24*$R$10,2)) -> 24.6 | S24: 17 | T24: 20 | AC24: =IF(COUNT($S24:$AB24)=0,"",SUM($S24:$AB24)) -> 37 | AD24: =IF(ISERROR(IF($AC24="","",ROUND(($AC24/$AC$10)*$AD$10,2))),"",IF($AC24="","",ROUND(($AC24/$AC$10)*$AD$10,2))) -> 82.22 | AE24: =IF($AD24="","",ROUND($AD24*$AE$10,2)) -> 41.11 | AF24: 40 | AG24: =IF(ISERROR(IF($AF24="","",ROUND(($AF24/$AF$10)*$AG$10,2))),"",IF($AF24="","",ROUND(($AF24/$AF$10)*$AG$10,2))) -> 80 | AH24: =IF($AG24="","",ROUND($AG24*$AH$10,2)) -> 16 | AI24: =IF(ISERROR(IF($AF24="","",ROUND(SUM($R24,$AE24,$AH24),2))),"",IF($AF24="","",ROUND(SUM($R24,$AE24,$AH24),2))) -> 81.71 | AJ24: =IF(ISERROR(IF($AF24="","",VLOOKUP(AI24,TRANSMUTATION_TABLE,4,TRUE))),"",IF($AF24="","",VLOOKUP(AI24,TRANSMUTATION_TABLE,4,TRUE))) -> 88
A25: 14 | B25: ='INPUT DATA'!B25 -> Ocampo, Gabriel C. | F25: 28 | G25: 47 | H25: 19 | P25: =IF(COUNT($F25:$O25)=0,"",SUM($F25:$O25)) -> 94 | Q25: =IF(ISERROR(IF($P25="","",ROUND(($P25/$P$10)*$Q$10,2))),"",IF($P25="","",ROUND(($P25/$P$10)*$Q$10,2))) -> 94 | R25: =IF($Q25="","",ROUND($Q25*$R$10,2)) -> 28.2 | S25: 18 | T25: 17 | AC25: =IF(COUNT($S25:$AB25)=0,"",SUM($S25:$AB25)) -> 35 | AD25: =IF(ISERROR(IF($AC25="","",ROUND(($AC25/$AC$10)*$AD$10,2))),"",IF($AC25="","",ROUND(($AC25/$AC$10)*$AD$10,2))) -> 77.78 | AE25: =IF($AD25="","",ROUND($AD25*$AE$10,2)) -> 38.89 | AF25: 49 | AG25: =IF(ISERROR(IF($AF25="","",ROUND(($AF25/$AF$10)*$AG$10,2))),"",IF($AF25="","",ROUND(($AF25/$AF$10)*$AG$10,2))) -> 98 | AH25: =IF($AG25="","",ROUND($AG25*$AH$10,2)) -> 19.6 | AI25: =IF(ISERROR(IF($AF25="","",ROUND(SUM($R25,$AE25,$AH25),2))),"",IF($AF25="","",ROUND(SUM($R25,$AE25,$AH25),2))) -> 86.69 | AJ25: =IF(ISERROR(IF($AF25="","",VLOOKUP(AI25,TRANSMUTATION_TABLE,4,TRUE))),"",IF($AF25="","",VLOOKUP(AI25,TRANSMUTATION_TABLE,4,TRUE))) -> 91
A26: 15 | B26: ='INPUT DATA'!B26 -> Pascual, Cedric A. | F26: 30 | G26: 15 | H26: 13 | P26: =IF(COUNT($F26:$O26)=0,"",SUM($F26:$O26)) -> 58 | Q26: =IF(ISERROR(IF($P26="","",ROUND(($P26/$P$10)*$Q$10,2))),"",IF($P26="","",ROUND(($P26/$P$10)*$Q$10,2))) -> 58 | R26: =IF($Q26="","",ROUND($Q26*$R$10,2)) -> 17.4 | S26: 13 | T26: 20 | AC26: =IF(COUNT($S26:$AB26)=0,"",SUM($S26:$AB26)) -> 33 | AD26: =IF(ISERROR(IF($AC26="","",ROUND(($AC26/$AC$10)*$AD$10,2))),"",IF($AC26="","",ROUND(($AC26/$AC$10)*$AD$10,2))) -> 73.33 | AE26: =IF($AD26="","",ROUND($AD26*$AE$10,2)) -> 36.67 | AF26: 50 | AG26: =IF(ISERROR(IF($AF26="","",ROUND(($AF26/$AF$10)*$AG$10,2))),"",IF($AF26="","",ROUND(($AF26/$AF$10)*$AG$10,2))) -> 100 | AH26: =IF($AG26="","",ROUND($AG26*$AH$10,2)) -> 20 | AI26: =IF(ISERROR(IF($AF26="","",ROUND(SUM($R26,$AE26,$AH26),2))),"",IF($AF26="","",ROUND(SUM($R26,$AE26,$AH26),2))) -> 74.07 | AJ26: =IF(ISERROR(IF($AF26="","",VLOOKUP(AI26,TRANSMUTATION_TABLE,4,TRUE))),"",IF($AF26="","",VLOOKUP(AI26,TRANSMUTATION_TABLE,4,TRUE))) -> 83
A27: 16 | B27: ='INPUT DATA'!B27 -> Quizon, Timothy E. | F27: 19 | G27: 50 | H27: 12 | P27: =IF(COUNT($F27:$O27)=0,"",SUM($F27:$O27)) -> 81 | Q27: =IF(ISERROR(IF($P27="","",ROUND(($P27/$P$10)*$Q$10,2))),"",IF($P27="","",ROUND(($P27/$P$10)*$Q$10,2))) -> 81 | R27: =IF($Q27="","",ROUND($Q27*$R$10,2)) -> 24.3 | S27: 16 | T27: 19 | AC27: =IF(COUNT($S27:$AB27)=0,"",SUM($S27:$AB27)) -> 35 | AD27: =IF(ISERROR(IF($AC27="","",ROUND(($AC27/$AC$10)*$AD$10,2))),"",IF($AC27="","",ROUND(($AC27/$AC$10)*$AD$10,2))) -> 77.78 | AE27: =IF($AD27="","",ROUND($AD27*$AE$10,2)) -> 38.89 | AF27: 49 | AG27: =IF(ISERROR(IF($AF27="","",ROUND(($AF27/$AF$10)*$AG$10,2))),"",IF($AF27="","",ROUND(($AF27/$AF$10)*$AG$10,2))) -> 98 | AH27: =IF($AG27="","",ROUND($AG27*$AH$10,2)) -> 19.6 | AI27: =IF(ISERROR(IF($AF27="","",ROUND(SUM($R27,$AE27,$AH27),2))),"",IF($AF27="","",ROUND(SUM($R27,$AE27,$AH27),2))) -> 82.79 | AJ27: =IF(ISERROR(IF($AF27="","",VLOOKUP(AI27,TRANSMUTATION_TABLE,4,TRUE))),"",IF($AF27="","",VLOOKUP(AI27,TRANSMUTATION_TABLE,4,TRUE))) -> 89
A28: 17 | B28: ='INPUT DATA'!B28 -> Reyes, Dominic L. | F28: 20 | G28: 48 | H28: 19 | P28: =IF(COUNT($F28:$O28)=0,"",SUM($F28:$O28)) -> 87 | Q28: =IF(ISERROR(IF($P28="","",ROUND(($P28/$P$10)*$Q$10,2))),"",IF($P28="","",ROUND(($P28/$P$10)*$Q$10,2))) -> 87 | R28: =IF($Q28="","",ROUND($Q28*$R$10,2)) -> 26.1 | S28: 19 | T28: 16 | AC28: =IF(COUNT($S28:$AB28)=0,"",SUM($S28:$AB28)) -> 35 | AD28: =IF(ISERROR(IF($AC28="","",ROUND(($AC28/$AC$10)*$AD$10,2))),"",IF($AC28="","",ROUND(($AC28/$AC$10)*$AD$10,2))) -> 77.78 | AE28: =IF($AD28="","",ROUND($AD28*$AE$10,2)) -> 38.89 | AF28: 47 | AG28: =IF(ISERROR(IF($AF28="","",ROUND(($AF28/$AF$10)*$AG$10,2))),"",IF($AF28="","",ROUND(($AF28/$AF$10)*$AG$10,2))) -> 94 | AH28: =IF($AG28="","",ROUND($AG28*$AH$10,2)) -> 18.8 | AI28: =IF(ISERROR(IF($AF28="","",ROUND(SUM($R28,$AE28,$AH28),2))),"",IF($AF28="","",ROUND(SUM($R28,$AE28,$AH28),2))) -> 83.79 | AJ28: =IF(ISERROR(IF($AF28="","",VLOOKUP(AI28,TRANSMUTATION_TABLE,4,TRUE))),"",IF($AF28="","",VLOOKUP(AI28,TRANSMUTATION_TABLE,4,TRUE))) -> 89
A29: 18 | B29: ='INPUT DATA'!B29 -> Santos, Elijah J. | F29: 27 | G29: 45 | H29: 17 | P29: =IF(COUNT($F29:$O29)=0,"",SUM($F29:$O29)) -> 89 | Q29: =IF(ISERROR(IF($P29="","",ROUND(($P29/$P$10)*$Q$10,2))),"",IF($P29="","",ROUND(($P29/$P$10)*$Q$10,2))) -> 89 | R29: =IF($Q29="","",ROUND($Q29*$R$10,2)) -> 26.7 | S29: 13 | T29: 18 | AC29: =IF(COUNT($S29:$AB29)=0,"",SUM($S29:$AB29)) -> 31 | AD29: =IF(ISERROR(IF($AC29="","",ROUND(($AC29/$AC$10)*$AD$10,2))),"",IF($AC29="","",ROUND(($AC29/$AC$10)*$AD$10,2))) -> 68.89 | AE29: =IF($AD29="","",ROUND($AD29*$AE$10,2)) -> 34.45 | AF29: 50 | AG29: =IF(ISERROR(IF($AF29="","",ROUND(($AF29/$AF$10)*$AG$10,2))),"",IF($AF29="","",ROUND(($AF29/$AF$10)*$AG$10,2))) -> 100 | AH29: =IF($AG29="","",ROUND($AG29*$AH$10,2)) -> 20 | AI29: =IF(ISERROR(IF($AF29="","",ROUND(SUM($R29,$AE29,$AH29),2))),"",IF($AF29="","",ROUND(SUM($R29,$AE29,$AH29),2))) -> 81.15 | AJ29: =IF(ISERROR(IF($AF29="","",VLOOKUP(AI29,TRANSMUTATION_TABLE,4,TRUE))),"",IF($AF29="","",VLOOKUP(AI29,TRANSMUTATION_TABLE,4,TRUE))) -> 88
A30: 19 | B30: ='INPUT DATA'!B30 -> Torres, Benedict M. | F30: 29 | G30: 40 | H30: 14 | P30: =IF(COUNT($F30:$O30)=0,"",SUM($F30:$O30)) -> 83 | Q30: =IF(ISERROR(IF($P30="","",ROUND(($P30/$P$10)*$Q$10,2))),"",IF($P30="","",ROUND(($P30/$P$10)*$Q$10,2))) -> 83 | R30: =IF($Q30="","",ROUND($Q30*$R$10,2)) -> 24.9 | S30: 20 | T30: 19 | AC30: =IF(COUNT($S30:$AB30)=0,"",SUM($S30:$AB30)) -> 39 | AD30: =IF(ISERROR(IF($AC30="","",ROUND(($AC30/$AC$10)*$AD$10,2))),"",IF($AC30="","",ROUND(($AC30/$AC$10)*$AD$10,2))) -> 86.67 | AE30: =IF($AD30="","",ROUND($AD30*$AE$10,2)) -> 43.34 | AF30: 47 | AG30: =IF(ISERROR(IF($AF30="","",ROUND(($AF30/$AF$10)*$AG$10,2))),"",IF($AF30="","",ROUND(($AF30/$AF$10)*$AG$10,2))) -> 94 | AH30: =IF($AG30="","",ROUND($AG30*$AH$10,2)) -> 18.8 | AI30: =IF(ISERROR(IF($AF30="","",ROUND(SUM($R30,$AE30,$AH30),2))),"",IF($AF30="","",ROUND(SUM($R30,$AE30,$AH30),2))) -> 87.04 | AJ30: =IF(ISERROR(IF($AF30="","",VLOOKUP(AI30,TRANSMUTATION_TABLE,4,TRUE))),"",IF($AF30="","",VLOOKUP(AI30,TRANSMUTATION_TABLE,4,TRUE))) -> 91
A31: 20 | B31: ='INPUT DATA'!B31 -> Umali, Vincent P. | F31: 30 | G31: 39 | H31: 20 | P31: =IF(COUNT($F31:$O31)=0,"",SUM($F31:$O31)) -> 89 | Q31: =IF(ISERROR(IF($P31="","",ROUND(($P31/$P$10)*$Q$10,2))),"",IF($P31="","",ROUND(($P31/$P$10)*$Q$10,2))) -> 89 | R31: =IF($Q31="","",ROUND($Q31*$R$10,2)) -> 26.7 | S31: 17 | T31: 20 | AC31: =IF(COUNT($S31:$AB31)=0,"",SUM($S31:$AB31)) -> 37 | AD31: =IF(ISERROR(IF($AC31="","",ROUND(($AC31/$AC$10)*$AD$10,2))),"",IF($AC31="","",ROUND(($AC31/$AC$10)*$AD$10,2))) -> 82.22 | AE31: =IF($AD31="","",ROUND($AD31*$AE$10,2)) -> 41.11 | AF31: 50 | AG31: =IF(ISERROR(IF($AF31="","",ROUND(($AF31/$AF$10)*$AG$10,2))),"",IF($AF31="","",ROUND(($AF31/$AF$10)*$AG$10,2))) -> 100 | AH31: =IF($AG31="","",ROUND($AG31*$AH$10,2)) -> 20 | AI31: =IF(ISERROR(IF($AF31="","",ROUND(SUM($R31,$AE31,$AH31),2))),"",IF($AF31="","",ROUND(SUM($R31,$AE31,$AH31),2))) -> 87.81 | AJ31: =IF(ISERROR(IF($AF31="","",VLOOKUP(AI31,TRANSMUTATION_TABLE,4,TRUE))),"",IF($AF31="","",VLOOKUP(AI31,TRANSMUTATION_TABLE,4,TRUE))) -> 92
A32: 21 | B32: ='INPUT DATA'!B32 -> Valdez, Christian R. | F32: 27 | G32: 48 | H32: 18 | P32: =IF(COUNT($F32:$O32)=0,"",SUM($F32:$O32)) -> 93 | Q32: =IF(ISERROR(IF($P32="","",ROUND(($P32/$P$10)*$Q$10,2))),"",IF($P32="","",ROUND(($P32/$P$10)*$Q$10,2))) -> 93 | R32: =IF($Q32="","",ROUND($Q32*$R$10,2)) -> 27.9 | S32: 10 | T32: 20 | AC32: =IF(COUNT($S32:$AB32)=0,"",SUM($S32:$AB32)) -> 30 | AD32: =IF(ISERROR(IF($AC32="","",ROUND(($AC32/$AC$10)*$AD$10,2))),"",IF($AC32="","",ROUND(($AC32/$AC$10)*$AD$10,2))) -> 66.67 | AE32: =IF($AD32="","",ROUND($AD32*$AE$10,2)) -> 33.34 | AF32: 49 | AG32: =IF(ISERROR(IF($AF32="","",ROUND(($AF32/$AF$10)*$AG$10,2))),"",IF($AF32="","",ROUND(($AF32/$AF$10)*$AG$10,2))) -> 98 | AH32: =IF($AG32="","",ROUND($AG32*$AH$10,2)) -> 19.6 | AI32: =IF(ISERROR(IF($AF32="","",ROUND(SUM($R32,$AE32,$AH32),2))),"",IF($AF32="","",ROUND(SUM($R32,$AE32,$AH32),2))) -> 80.84 | AJ32: =IF(ISERROR(IF($AF32="","",VLOOKUP(AI32,TRANSMUTATION_TABLE,4,TRUE))),"",IF($AF32="","",VLOOKUP(AI32,TRANSMUTATION_TABLE,4,TRUE))) -> 88
A33: 22 | B33: ='INPUT DATA'!B33 -> Yabut, Francis K. | F33: 25 | G33: 50 | H33: 20 | P33: =IF(COUNT($F33:$O33)=0,"",SUM($F33:$O33)) -> 95 | Q33: =IF(ISERROR(IF($P33="","",ROUND(($P33/$P$10)*$Q$10,2))),"",IF($P33="","",ROUND(($P33/$P$10)*$Q$10,2))) -> 95 | R33: =IF($Q33="","",ROUND($Q33*$R$10,2)) -> 28.5 | S33: 13 | T33: 18 | AC33: =IF(COUNT($S33:$AB33)=0,"",SUM($S33:$AB33)) -> 31 | AD33: =IF(ISERROR(IF($AC33="","",ROUND(($AC33/$AC$10)*$AD$10,2))),"",IF($AC33="","",ROUND(($AC33/$AC$10)*$AD$10,2))) -> 68.89 | AE33: =IF($AD33="","",ROUND($AD33*$AE$10,2)) -> 34.45 | AF33: 48 | AG33: =IF(ISERROR(IF($AF33="","",ROUND(($AF33/$AF$10)*$AG$10,2))),"",IF($AF33="","",ROUND(($AF33/$AF$10)*$AG$10,2))) -> 96 | AH33: =IF($AG33="","",ROUND($AG33*$AH$10,2)) -> 19.2 | AI33: =IF(ISERROR(IF($AF33="","",ROUND(SUM($R33,$AE33,$AH33),2))),"",IF($AF33="","",ROUND(SUM($R33,$AE33,$AH33),2))) -> 82.15 | AJ33: =IF(ISERROR(IF($AF33="","",VLOOKUP(AI33,TRANSMUTATION_TABLE,4,TRUE))),"",IF($AF33="","",VLOOKUP(AI33,TRANSMUTATION_TABLE,4,TRUE))) -> 88
A34: 23 | B34: ='INPUT DATA'!B34 -> 0 | P34: =IF(COUNT($F34:$O34)=0,"",SUM($F34:$O34)) | Q34: =IF(ISERROR(IF($P34="","",ROUND(($P34/$P$10)*$Q$10,2))),"",IF($P34="","",ROUND(($P34/$P$10)*$Q$10,2))) | R34: =IF($Q34="","",ROUND($Q34*$R$10,2)) | AC34: =IF(COUNT($S34:$AB34)=0,"",SUM($S34:$AB34)) | AD34: =IF(ISERROR(IF($AC34="","",ROUND(($AC34/$AC$10)*$AD$10,2))),"",IF($AC34="","",ROUND(($AC34/$AC$10)*$AD$10,2))) | AE34: =IF($AD34="","",ROUND($AD34*$AE$10,2)) | AG34: =IF(ISERROR(IF($AF34="","",ROUND(($AF34/$AF$10)*$AG$10,2))),"",IF($AF34="","",ROUND(($AF34/$AF$10)*$AG$10,2))) | AH34: =IF($AG34="","",ROUND($AG34*$AH$10,2)) | AI34: =IF(ISERROR(IF($AF34="","",ROUND(SUM($R34,$AE34,$AH34),2))),"",IF($AF34="","",ROUND(SUM($R34,$AE34,$AH34),2))) | AJ34: =IF(ISERROR(IF($AF34="","",VLOOKUP(AI34,TRANSMUTATION_TABLE,4,TRUE))),"",IF($AF34="","",VLOOKUP(AI34,TRANSMUTATION_TABLE,4,TRUE)))
A35: 24 | B35: ='INPUT DATA'!B35 -> 0 | P35: =IF(COUNT($F35:$O35)=0,"",SUM($F35:$O35)) | Q35: =IF(ISERROR(IF($P35="","",ROUND(($P35/$P$10)*$Q$10,2))),"",IF($P35="","",ROUND(($P35/$P$10)*$Q$10,2))) | R35: =IF($Q35="","",ROUND($Q35*$R$10,2)) | AC35: =IF(COUNT($S35:$AB35)=0,"",SUM($S35:$AB35)) | AD35: =IF(ISERROR(IF($AC35="","",ROUND(($AC35/$AC$10)*$AD$10,2))),"",IF($AC35="","",ROUND(($AC35/$AC$10)*$AD$10,2))) | AE35: =IF($AD35="","",ROUND($AD35*$AE$10,2)) | AG35: =IF(ISERROR(IF($AF35="","",ROUND(($AF35/$AF$10)*$AG$10,2))),"",IF($AF35="","",ROUND(($AF35/$AF$10)*$AG$10,2))) | AH35: =IF($AG35="","",ROUND($AG35*$AH$10,2)) | AI35: =IF(ISERROR(IF($AF35="","",ROUND(SUM($R35,$AE35,$AH35),2))),"",IF($AF35="","",ROUND(SUM($R35,$AE35,$AH35),2))) | AJ35: =IF(ISERROR(IF($AF35="","",VLOOKUP(AI35,TRANSMUTATION_TABLE,4,TRUE))),"",IF($AF35="","",VLOOKUP(AI35,TRANSMUTATION_TABLE,4,TRUE)))
A36: 25 | B36: ='INPUT DATA'!B36 -> 0 | P36: =IF(COUNT($F36:$O36)=0,"",SUM($F36:$O36)) | Q36: =IF(ISERROR(IF($P36="","",ROUND(($P36/$P$10)*$Q$10,2))),"",IF($P36="","",ROUND(($P36/$P$10)*$Q$10,2))) | R36: =IF($Q36="","",ROUND($Q36*$R$10,2)) | AC36: =IF(COUNT($S36:$AB36)=0,"",SUM($S36:$AB36)) | AD36: =IF(ISERROR(IF($AC36="","",ROUND(($AC36/$AC$10)*$AD$10,2))),"",IF($AC36="","",ROUND(($AC36/$AC$10)*$AD$10,2))) | AE36: =IF($AD36="","",ROUND($AD36*$AE$10,2)) | AG36: =IF(ISERROR(IF($AF36="","",ROUND(($AF36/$AF$10)*$AG$10,2))),"",IF($AF36="","",ROUND(($AF36/$AF$10)*$AG$10,2))) | AH36: =IF($AG36="","",ROUND($AG36*$AH$10,2)) | AI36: =IF(ISERROR(IF($AF36="","",ROUND(SUM($R36,$AE36,$AH36),2))),"",IF($AF36="","",ROUND(SUM($R36,$AE36,$AH36),2))) | AJ36: =IF(ISERROR(IF($AF36="","",VLOOKUP(AI36,TRANSMUTATION_TABLE,4,TRUE))),"",IF($AF36="","",VLOOKUP(AI36,TRANSMUTATION_TABLE,4,TRUE)))
A37: 26 | B37: ='INPUT DATA'!B37 -> 0 | P37: =IF(COUNT($F37:$O37)=0,"",SUM($F37:$O37)) | Q37: =IF(ISERROR(IF($P37="","",ROUND(($P37/$P$10)*$Q$10,2))),"",IF($P37="","",ROUND(($P37/$P$10)*$Q$10,2))) | R37: =IF($Q37="","",ROUND($Q37*$R$10,2)) | AC37: =IF(COUNT($S37:$AB37)=0,"",SUM($S37:$AB37)) | AD37: =IF(ISERROR(IF($AC37="","",ROUND(($AC37/$AC$10)*$AD$10,2))),"",IF($AC37="","",ROUND(($AC37/$AC$10)*$AD$10,2))) | AE37: =IF($AD37="","",ROUND($AD37*$AE$10,2)) | AG37: =IF(ISERROR(IF($AF37="","",ROUND(($AF37/$AF$10)*$AG$10,2))),"",IF($AF37="","",ROUND(($AF37/$AF$10)*$AG$10,2))) | AH37: =IF($AG37="","",ROUND($AG37*$AH$10,2)) | AI37: =IF(ISERROR(IF($AF37="","",ROUND(SUM($R37,$AE37,$AH37),2))),"",IF($AF37="","",ROUND(SUM($R37,$AE37,$AH37),2))) | AJ37: =IF(ISERROR(IF($AF37="","",VLOOKUP(AI37,TRANSMUTATION_TABLE,4,TRUE))),"",IF($AF37="","",VLOOKUP(AI37,TRANSMUTATION_TABLE,4,TRUE)))
A38: 27 | B38: ='INPUT DATA'!B38 -> 0 | P38: =IF(COUNT($F38:$O38)=0,"",SUM($F38:$O38)) | Q38: =IF(ISERROR(IF($P38="","",ROUND(($P38/$P$10)*$Q$10,2))),"",IF($P38="","",ROUND(($P38/$P$10)*$Q$10,2))) | R38: =IF($Q38="","",ROUND($Q38*$R$10,2)) | AC38: =IF(COUNT($S38:$AB38)=0,"",SUM($S38:$AB38)) | AD38: =IF(ISERROR(IF($AC38="","",ROUND(($AC38/$AC$10)*$AD$10,2))),"",IF($AC38="","",ROUND(($AC38/$AC$10)*$AD$10,2))) | AE38: =IF($AD38="","",ROUND($AD38*$AE$10,2)) | AG38: =IF(ISERROR(IF($AF38="","",ROUND(($AF38/$AF$10)*$AG$10,2))),"",IF($AF38="","",ROUND(($AF38/$AF$10)*$AG$10,2))) | AH38: =IF($AG38="","",ROUND($AG38*$AH$10,2)) | AI38: =IF(ISERROR(IF($AF38="","",ROUND(SUM($R38,$AE38,$AH38),2))),"",IF($AF38="","",ROUND(SUM($R38,$AE38,$AH38),2))) | AJ38: =IF(ISERROR(IF($AF38="","",VLOOKUP(AI38,TRANSMUTATION_TABLE,4,TRUE))),"",IF($AF38="","",VLOOKUP(AI38,TRANSMUTATION_TABLE,4,TRUE)))
A39: 28 | B39: ='INPUT DATA'!B39 -> 0 | P39: =IF(COUNT($F39:$O39)=0,"",SUM($F39:$O39)) | Q39: =IF(ISERROR(IF($P39="","",ROUND(($P39/$P$10)*$Q$10,2))),"",IF($P39="","",ROUND(($P39/$P$10)*$Q$10,2))) | R39: =IF($Q39="","",ROUND($Q39*$R$10,2)) | AC39: =IF(COUNT($S39:$AB39)=0,"",SUM($S39:$AB39)) | AD39: =IF(ISERROR(IF($AC39="","",ROUND(($AC39/$AC$10)*$AD$10,2))),"",IF($AC39="","",ROUND(($AC39/$AC$10)*$AD$10,2))) | AE39: =IF($AD39="","",ROUND($AD39*$AE$10,2)) | AG39: =IF(ISERROR(IF($AF39="","",ROUND(($AF39/$AF$10)*$AG$10,2))),"",IF($AF39="","",ROUND(($AF39/$AF$10)*$AG$10,2))) | AH39: =IF($AG39="","",ROUND($AG39*$AH$10,2)) | AI39: =IF(ISERROR(IF($AF39="","",ROUND(SUM($R39,$AE39,$AH39),2))),"",IF($AF39="","",ROUND(SUM($R39,$AE39,$AH39),2))) | AJ39: =IF(ISERROR(IF($AF39="","",VLOOKUP(AI39,TRANSMUTATION_TABLE,4,TRUE))),"",IF($AF39="","",VLOOKUP(AI39,TRANSMUTATION_TABLE,4,TRUE)))
A40: 29 | B40: ='INPUT DATA'!B40 -> 0 | P40: =IF(COUNT($F40:$O40)=0,"",SUM($F40:$O40)) | Q40: =IF(ISERROR(IF($P40="","",ROUND(($P40/$P$10)*$Q$10,2))),"",IF($P40="","",ROUND(($P40/$P$10)*$Q$10,2))) | R40: =IF($Q40="","",ROUND($Q40*$R$10,2)) | AC40: =IF(COUNT($S40:$AB40)=0,"",SUM($S40:$AB40)) | AD40: =IF(ISERROR(IF($AC40="","",ROUND(($AC40/$AC$10)*$AD$10,2))),"",IF($AC40="","",ROUND(($AC40/$AC$10)*$AD$10,2))) | AE40: =IF($AD40="","",ROUND($AD40*$AE$10,2)) | AG40: =IF(ISERROR(IF($AF40="","",ROUND(($AF40/$AF$10)*$AG$10,2))),"",IF($AF40="","",ROUND(($AF40/$AF$10)*$AG$10,2))) | AH40: =IF($AG40="","",ROUND($AG40*$AH$10,2)) | AI40: =IF(ISERROR(IF($AF40="","",ROUND(SUM($R40,$AE40,$AH40),2))),"",IF($AF40="","",ROUND(SUM($R40,$AE40,$AH40),2))) | AJ40: =IF(ISERROR(IF($AF40="","",VLOOKUP(AI40,TRANSMUTATION_TABLE,4,TRUE))),"",IF($AF40="","",VLOOKUP(AI40,TRANSMUTATION_TABLE,4,TRUE)))
A41: 30 | B41: ='INPUT DATA'!B41 -> 0 | P41: =IF(COUNT($F41:$O41)=0,"",SUM($F41:$O41)) | Q41: =IF(ISERROR(IF($P41="","",ROUND(($P41/$P$10)*$Q$10,2))),"",IF($P41="","",ROUND(($P41/$P$10)*$Q$10,2))) | R41: =IF($Q41="","",ROUND($Q41*$R$10,2)) | AC41: =IF(COUNT($S41:$AB41)=0,"",SUM($S41:$AB41)) | AD41: =IF(ISERROR(IF($AC41="","",ROUND(($AC41/$AC$10)*$AD$10,2))),"",IF($AC41="","",ROUND(($AC41/$AC$10)*$AD$10,2))) | AE41: =IF($AD41="","",ROUND($AD41*$AE$10,2)) | AG41: =IF(ISERROR(IF($AF41="","",ROUND(($AF41/$AF$10)*$AG$10,2))),"",IF($AF41="","",ROUND(($AF41/$AF$10)*$AG$10,2))) | AH41: =IF($AG41="","",ROUND($AG41*$AH$10,2)) | AI41: =IF(ISERROR(IF($AF41="","",ROUND(SUM($R41,$AE41,$AH41),2))),"",IF($AF41="","",ROUND(SUM($R41,$AE41,$AH41),2))) | AJ41: =IF(ISERROR(IF($AF41="","",VLOOKUP(AI41,TRANSMUTATION_TABLE,4,TRUE))),"",IF($AF41="","",VLOOKUP(AI41,TRANSMUTATION_TABLE,4,TRUE)))
A42: 31 | B42: ='INPUT DATA'!B42 -> 0 | P42: =IF(COUNT($F42:$O42)=0,"",SUM($F42:$O42)) | Q42: =IF(ISERROR(IF($P42="","",ROUND(($P42/$P$10)*$Q$10,2))),"",IF($P42="","",ROUND(($P42/$P$10)*$Q$10,2))) | R42: =IF($Q42="","",ROUND($Q42*$R$10,2)) | AC42: =IF(COUNT($S42:$AB42)=0,"",SUM($S42:$AB42)) | AD42: =IF(ISERROR(IF($AC42="","",ROUND(($AC42/$AC$10)*$AD$10,2))),"",IF($AC42="","",ROUND(($AC42/$AC$10)*$AD$10,2))) | AE42: =IF($AD42="","",ROUND($AD42*$AE$10,2)) | AG42: =IF(ISERROR(IF($AF42="","",ROUND(($AF42/$AF$10)*$AG$10,2))),"",IF($AF42="","",ROUND(($AF42/$AF$10)*$AG$10,2))) | AH42: =IF($AG42="","",ROUND($AG42*$AH$10,2)) | AI42: =IF(ISERROR(IF($AF42="","",ROUND(SUM($R42,$AE42,$AH42),2))),"",IF($AF42="","",ROUND(SUM($R42,$AE42,$AH42),2))) | AJ42: =IF(ISERROR(IF($AF42="","",VLOOKUP(AI42,TRANSMUTATION_TABLE,4,TRUE))),"",IF($AF42="","",VLOOKUP(AI42,TRANSMUTATION_TABLE,4,TRUE)))
A43: 32 | B43: ='INPUT DATA'!B43 -> 0 | P43: =IF(COUNT($F43:$O43)=0,"",SUM($F43:$O43)) | Q43: =IF(ISERROR(IF($P43="","",ROUND(($P43/$P$10)*$Q$10,2))),"",IF($P43="","",ROUND(($P43/$P$10)*$Q$10,2))) | R43: =IF($Q43="","",ROUND($Q43*$R$10,2)) | AC43: =IF(COUNT($S43:$AB43)=0,"",SUM($S43:$AB43)) | AD43: =IF(ISERROR(IF($AC43="","",ROUND(($AC43/$AC$10)*$AD$10,2))),"",IF($AC43="","",ROUND(($AC43/$AC$10)*$AD$10,2))) | AE43: =IF($AD43="","",ROUND($AD43*$AE$10,2)) | AG43: =IF(ISERROR(IF($AF43="","",ROUND(($AF43/$AF$10)*$AG$10,2))),"",IF($AF43="","",ROUND(($AF43/$AF$10)*$AG$10,2))) | AH43: =IF($AG43="","",ROUND($AG43*$AH$10,2)) | AI43: =IF(ISERROR(IF($AF43="","",ROUND(SUM($R43,$AE43,$AH43),2))),"",IF($AF43="","",ROUND(SUM($R43,$AE43,$AH43),2))) | AJ43: =IF(ISERROR(IF($AF43="","",VLOOKUP(AI43,TRANSMUTATION_TABLE,4,TRUE))),"",IF($AF43="","",VLOOKUP(AI43,TRANSMUTATION_TABLE,4,TRUE)))
A44: 33 | B44: ='INPUT DATA'!B44 -> 0 | P44: =IF(COUNT($F44:$O44)=0,"",SUM($F44:$O44)) | Q44: =IF(ISERROR(IF($P44="","",ROUND(($P44/$P$10)*$Q$10,2))),"",IF($P44="","",ROUND(($P44/$P$10)*$Q$10,2))) | R44: =IF($Q44="","",ROUND($Q44*$R$10,2)) | AC44: =IF(COUNT($S44:$AB44)=0,"",SUM($S44:$AB44)) | AD44: =IF(ISERROR(IF($AC44="","",ROUND(($AC44/$AC$10)*$AD$10,2))),"",IF($AC44="","",ROUND(($AC44/$AC$10)*$AD$10,2))) | AE44: =IF($AD44="","",ROUND($AD44*$AE$10,2)) | AG44: =IF(ISERROR(IF($AF44="","",ROUND(($AF44/$AF$10)*$AG$10,2))),"",IF($AF44="","",ROUND(($AF44/$AF$10)*$AG$10,2))) | AH44: =IF($AG44="","",ROUND($AG44*$AH$10,2)) | AI44: =IF(ISERROR(IF($AF44="","",ROUND(SUM($R44,$AE44,$AH44),2))),"",IF($AF44="","",ROUND(SUM($R44,$AE44,$AH44),2))) | AJ44: =IF(ISERROR(IF($AF44="","",VLOOKUP(AI44,TRANSMUTATION_TABLE,4,TRUE))),"",IF($AF44="","",VLOOKUP(AI44,TRANSMUTATION_TABLE,4,TRUE)))
A45: 34 | B45: ='INPUT DATA'!B45 -> 0 | P45: =IF(COUNT($F45:$O45)=0,"",SUM($F45:$O45)) | Q45: =IF(ISERROR(IF($P45="","",ROUND(($P45/$P$10)*$Q$10,2))),"",IF($P45="","",ROUND(($P45/$P$10)*$Q$10,2))) | R45: =IF($Q45="","",ROUND($Q45*$R$10,2)) | AC45: =IF(COUNT($S45:$AB45)=0,"",SUM($S45:$AB45)) | AD45: =IF(ISERROR(IF($AC45="","",ROUND(($AC45/$AC$10)*$AD$10,2))),"",IF($AC45="","",ROUND(($AC45/$AC$10)*$AD$10,2))) | AE45: =IF($AD45="","",ROUND($AD45*$AE$10,2)) | AG45: =IF(ISERROR(IF($AF45="","",ROUND(($AF45/$AF$10)*$AG$10,2))),"",IF($AF45="","",ROUND(($AF45/$AF$10)*$AG$10,2))) | AH45: =IF($AG45="","",ROUND($AG45*$AH$10,2)) | AI45: =IF(ISERROR(IF($AF45="","",ROUND(SUM($R45,$AE45,$AH45),2))),"",IF($AF45="","",ROUND(SUM($R45,$AE45,$AH45),2))) | AJ45: =IF(ISERROR(IF($AF45="","",VLOOKUP(AI45,TRANSMUTATION_TABLE,4,TRUE))),"",IF($AF45="","",VLOOKUP(AI45,TRANSMUTATION_TABLE,4,TRUE)))
... A61: 50 | B61: ='INPUT DATA'!B61 -> 0 | P61: =IF(COUNT($F61:$O61)=0,"",SUM($F61:$O61)) | Q61: =IF(ISERROR(IF($P61="","",ROUND(($P61/$P$10)*$Q$10,2))),"",IF($P61="","",ROUND(($P61/$P$10)*$Q$10,2))) | R61: =IF($Q61="","",ROUND($Q61*$R$10,2)) | AC61: =IF(COUNT($S61:$AB61)=0,"",SUM($S61:$AB61)) | AD61: =IF(ISERROR(IF($AC61="","",ROUND(($AC61/$AC$10)*$AD$10,2))),"",IF($AC61="","",ROUND(($AC61/$AC$10)*$AD$10,2))) | AE61: =IF($AD61="","",ROUND($AD61*$AE$10,2)) | AG61: =IF(ISERROR(IF($AF61="","",ROUND(($AF61/$AF$10)*$AG$10,2))),"",IF($AF61="","",ROUND(($AF61/$AF$10)*$AG$10,2))) | AH61: =IF($AG61="","",ROUND($AG61*$AH$10,2)) | AI61: =IF(ISERROR(IF($AF61="","",ROUND(SUM($R61,$AE61,$AH61),2))),"",IF($AF61="","",ROUND(SUM($R61,$AE61,$AH61),2))) | AJ61: =IF(ISERROR(IF($AF61="","",VLOOKUP(AI61,TRANSMUTATION_TABLE,4,TRUE))),"",IF($AF61="","",VLOOKUP(AI61,TRANSMUTATION_TABLE,4,TRUE)))
B62: FEMALE
A63: 1 | B63: ='INPUT DATA'!B63 -> Tokoyami, Towa H. | F63: 30 | G63: 49 | H63: 20 | P63: =IF(COUNT($F63:$O63)=0,"",SUM($F63:$O63)) -> 99 | Q63: =IF(ISERROR(IF($P63="","",ROUND(($P63/$P$10)*$Q$10,2))),"",IF($P63="","",ROUND(($P63/$P$10)*$Q$10,2))) -> 99 | R63: =IF($Q63="","",ROUND($Q63*$R$10,2)) -> 29.7 | S63: 19 | T63: 20 | AC63: =IF(COUNT($S63:$AB63)=0,"",SUM($S63:$AB63)) -> 39 | AD63: =IF(ISERROR(IF($AC63="","",ROUND(($AC63/$AC$10)*$AD$10,2))),"",IF($AC63="","",ROUND(($AC63/$AC$10)*$AD$10,2))) -> 86.67 | AE63: =IF($AD63="","",ROUND($AD63*$AE$10,2)) -> 43.34 | AF63: 50 | AG63: =IF(ISERROR(IF($AF63="","",ROUND(($AF63/$AF$10)*$AG$10,2))),"",IF($AF63="","",ROUND(($AF63/$AF$10)*$AG$10,2))) -> 100 | AH63: =IF($AG63="","",ROUND($AG63*$AH$10,2)) -> 20 | AI63: =IF(ISERROR(IF($AF63="","",ROUND(SUM($R63,$AE63,$AH63),2))),"",IF($AF63="","",ROUND(SUM($R63,$AE63,$AH63),2))) -> 93.04 | AJ63: =IF(ISERROR(IF($AF63="","",VLOOKUP(AI63,TRANSMUTATION_TABLE,4,TRUE))),"",IF($AF63="","",VLOOKUP(AI63,TRANSMUTATION_TABLE,4,TRUE))) -> 95
A64: 2 | B64: ='INPUT DATA'!B64 -> Piatos, Mary Grace O. | F64: 26 | G64: 50 | H64: 19 | P64: =IF(COUNT($F64:$O64)=0,"",SUM($F64:$O64)) -> 95 | Q64: =IF(ISERROR(IF($P64="","",ROUND(($P64/$P$10)*$Q$10,2))),"",IF($P64="","",ROUND(($P64/$P$10)*$Q$10,2))) -> 95 | R64: =IF($Q64="","",ROUND($Q64*$R$10,2)) -> 28.5 | S64: 20 | T64: 11 | AC64: =IF(COUNT($S64:$AB64)=0,"",SUM($S64:$AB64)) -> 31 | AD64: =IF(ISERROR(IF($AC64="","",ROUND(($AC64/$AC$10)*$AD$10,2))),"",IF($AC64="","",ROUND(($AC64/$AC$10)*$AD$10,2))) -> 68.89 | AE64: =IF($AD64="","",ROUND($AD64*$AE$10,2)) -> 34.45 | AF64: 49 | AG64: =IF(ISERROR(IF($AF64="","",ROUND(($AF64/$AF$10)*$AG$10,2))),"",IF($AF64="","",ROUND(($AF64/$AF$10)*$AG$10,2))) -> 98 | AH64: =IF($AG64="","",ROUND($AG64*$AH$10,2)) -> 19.6 | AI64: =IF(ISERROR(IF($AF64="","",ROUND(SUM($R64,$AE64,$AH64),2))),"",IF($AF64="","",ROUND(SUM($R64,$AE64,$AH64),2))) -> 82.55 | AJ64: =IF(ISERROR(IF($AF64="","",VLOOKUP(AI64,TRANSMUTATION_TABLE,4,TRUE))),"",IF($AF64="","",VLOOKUP(AI64,TRANSMUTATION_TABLE,4,TRUE))) -> 89
A65: 3 | B65: ='INPUT DATA'!B65 -> Bautista, Elena M. | F65: 27 | G65: 44 | H65: 15 | P65: =IF(COUNT($F65:$O65)=0,"",SUM($F65:$O65)) -> 86 | Q65: =IF(ISERROR(IF($P65="","",ROUND(($P65/$P$10)*$Q$10,2))),"",IF($P65="","",ROUND(($P65/$P$10)*$Q$10,2))) -> 86 | R65: =IF($Q65="","",ROUND($Q65*$R$10,2)) -> 25.8 | S65: 19 | T65: 19 | AC65: =IF(COUNT($S65:$AB65)=0,"",SUM($S65:$AB65)) -> 38 | AD65: =IF(ISERROR(IF($AC65="","",ROUND(($AC65/$AC$10)*$AD$10,2))),"",IF($AC65="","",ROUND(($AC65/$AC$10)*$AD$10,2))) -> 84.44 | AE65: =IF($AD65="","",ROUND($AD65*$AE$10,2)) -> 42.22 | AF65: 50 | AG65: =IF(ISERROR(IF($AF65="","",ROUND(($AF65/$AF$10)*$AG$10,2))),"",IF($AF65="","",ROUND(($AF65/$AF$10)*$AG$10,2))) -> 100 | AH65: =IF($AG65="","",ROUND($AG65*$AH$10,2)) -> 20 | AI65: =IF(ISERROR(IF($AF65="","",ROUND(SUM($R65,$AE65,$AH65),2))),"",IF($AF65="","",ROUND(SUM($R65,$AE65,$AH65),2))) -> 88.02 | AJ65: =IF(ISERROR(IF($AF65="","",VLOOKUP(AI65,TRANSMUTATION_TABLE,4,TRUE))),"",IF($AF65="","",VLOOKUP(AI65,TRANSMUTATION_TABLE,4,TRUE))) -> 92
A66: 4 | B66: ='INPUT DATA'!B66 -> Castillo, Isabella D. | F66: 30 | G66: 47 | H66: 18 | P66: =IF(COUNT($F66:$O66)=0,"",SUM($F66:$O66)) -> 95 | Q66: =IF(ISERROR(IF($P66="","",ROUND(($P66/$P$10)*$Q$10,2))),"",IF($P66="","",ROUND(($P66/$P$10)*$Q$10,2))) -> 95 | R66: =IF($Q66="","",ROUND($Q66*$R$10,2)) -> 28.5 | S66: 16 | T66: 15 | AC66: =IF(COUNT($S66:$AB66)=0,"",SUM($S66:$AB66)) -> 31 | AD66: =IF(ISERROR(IF($AC66="","",ROUND(($AC66/$AC$10)*$AD$10,2))),"",IF($AC66="","",ROUND(($AC66/$AC$10)*$AD$10,2))) -> 68.89 | AE66: =IF($AD66="","",ROUND($AD66*$AE$10,2)) -> 34.45 | AF66: 47 | AG66: =IF(ISERROR(IF($AF66="","",ROUND(($AF66/$AF$10)*$AG$10,2))),"",IF($AF66="","",ROUND(($AF66/$AF$10)*$AG$10,2))) -> 94 | AH66: =IF($AG66="","",ROUND($AG66*$AH$10,2)) -> 18.8 | AI66: =IF(ISERROR(IF($AF66="","",ROUND(SUM($R66,$AE66,$AH66),2))),"",IF($AF66="","",ROUND(SUM($R66,$AE66,$AH66),2))) -> 81.75 | AJ66: =IF(ISERROR(IF($AF66="","",VLOOKUP(AI66,TRANSMUTATION_TABLE,4,TRUE))),"",IF($AF66="","",VLOOKUP(AI66,TRANSMUTATION_TABLE,4,TRUE))) -> 88
A67: 5 | B67: ='INPUT DATA'!B67 -> Domingo, Chloe A. | F67: 25 | G67: 42 | H67: 15 | P67: =IF(COUNT($F67:$O67)=0,"",SUM($F67:$O67)) -> 82 | Q67: =IF(ISERROR(IF($P67="","",ROUND(($P67/$P$10)*$Q$10,2))),"",IF($P67="","",ROUND(($P67/$P$10)*$Q$10,2))) -> 82 | R67: =IF($Q67="","",ROUND($Q67*$R$10,2)) -> 24.6 | S67: 13 | T67: 20 | AC67: =IF(COUNT($S67:$AB67)=0,"",SUM($S67:$AB67)) -> 33 | AD67: =IF(ISERROR(IF($AC67="","",ROUND(($AC67/$AC$10)*$AD$10,2))),"",IF($AC67="","",ROUND(($AC67/$AC$10)*$AD$10,2))) -> 73.33 | AE67: =IF($AD67="","",ROUND($AD67*$AE$10,2)) -> 36.67 | AF67: 49 | AG67: =IF(ISERROR(IF($AF67="","",ROUND(($AF67/$AF$10)*$AG$10,2))),"",IF($AF67="","",ROUND(($AF67/$AF$10)*$AG$10,2))) -> 98 | AH67: =IF($AG67="","",ROUND($AG67*$AH$10,2)) -> 19.6 | AI67: =IF(ISERROR(IF($AF67="","",ROUND(SUM($R67,$AE67,$AH67),2))),"",IF($AF67="","",ROUND(SUM($R67,$AE67,$AH67),2))) -> 80.87 | AJ67: =IF(ISERROR(IF($AF67="","",VLOOKUP(AI67,TRANSMUTATION_TABLE,4,TRUE))),"",IF($AF67="","",VLOOKUP(AI67,TRANSMUTATION_TABLE,4,TRUE))) -> 88
A68: 6 | B68: ='INPUT DATA'!B68 -> Evangelista, Mia K. | F68: 20 | G68: 30 | H68: 13 | P68: =IF(COUNT($F68:$O68)=0,"",SUM($F68:$O68)) -> 63 | Q68: =IF(ISERROR(IF($P68="","",ROUND(($P68/$P$10)*$Q$10,2))),"",IF($P68="","",ROUND(($P68/$P$10)*$Q$10,2))) -> 63 | R68: =IF($Q68="","",ROUND($Q68*$R$10,2)) -> 18.9 | S68: 18 | T68: 23 | AC68: =IF(COUNT($S68:$AB68)=0,"",SUM($S68:$AB68)) -> 41 | AD68: =IF(ISERROR(IF($AC68="","",ROUND(($AC68/$AC$10)*$AD$10,2))),"",IF($AC68="","",ROUND(($AC68/$AC$10)*$AD$10,2))) -> 91.11 | AE68: =IF($AD68="","",ROUND($AD68*$AE$10,2)) -> 45.56 | AF68: 45 | AG68: =IF(ISERROR(IF($AF68="","",ROUND(($AF68/$AF$10)*$AG$10,2))),"",IF($AF68="","",ROUND(($AF68/$AF$10)*$AG$10,2))) -> 90 | AH68: =IF($AG68="","",ROUND($AG68*$AH$10,2)) -> 18 | AI68: =IF(ISERROR(IF($AF68="","",ROUND(SUM($R68,$AE68,$AH68),2))),"",IF($AF68="","",ROUND(SUM($R68,$AE68,$AH68),2))) -> 82.46 | AJ68: =IF(ISERROR(IF($AF68="","",VLOOKUP(AI68,TRANSMUTATION_TABLE,4,TRUE))),"",IF($AF68="","",VLOOKUP(AI68,TRANSMUTATION_TABLE,4,TRUE))) -> 89
A69: 7 | B69: ='INPUT DATA'!B69 -> Ferrer, Jasmine P. | F69: 22 | G69: 39 | H69: 15 | P69: =IF(COUNT($F69:$O69)=0,"",SUM($F69:$O69)) -> 76 | Q69: =IF(ISERROR(IF($P69="","",ROUND(($P69/$P$10)*$Q$10,2))),"",IF($P69="","",ROUND(($P69/$P$10)*$Q$10,2))) -> 76 | R69: =IF($Q69="","",ROUND($Q69*$R$10,2)) -> 22.8 | S69: 19 | T69: 25 | AC69: =IF(COUNT($S69:$AB69)=0,"",SUM($S69:$AB69)) -> 44 | AD69: =IF(ISERROR(IF($AC69="","",ROUND(($AC69/$AC$10)*$AD$10,2))),"",IF($AC69="","",ROUND(($AC69/$AC$10)*$AD$10,2))) -> 97.78 | AE69: =IF($AD69="","",ROUND($AD69*$AE$10,2)) -> 48.89 | AF69: 49 | AG69: =IF(ISERROR(IF($AF69="","",ROUND(($AF69/$AF$10)*$AG$10,2))),"",IF($AF69="","",ROUND(($AF69/$AF$10)*$AG$10,2))) -> 98 | AH69: =IF($AG69="","",ROUND($AG69*$AH$10,2)) -> 19.6 | AI69: =IF(ISERROR(IF($AF69="","",ROUND(SUM($R69,$AE69,$AH69),2))),"",IF($AF69="","",ROUND(SUM($R69,$AE69,$AH69),2))) -> 91.29 | AJ69: =IF(ISERROR(IF($AF69="","",VLOOKUP(AI69,TRANSMUTATION_TABLE,4,TRUE))),"",IF($AF69="","",VLOOKUP(AI69,TRANSMUTATION_TABLE,4,TRUE))) -> 94
A70: 8 | B70: ='INPUT DATA'!B70 -> Gonzales, Beatrice F. | F70: 20 | G70: 25 | H70: 19 | P70: =IF(COUNT($F70:$O70)=0,"",SUM($F70:$O70)) -> 64 | Q70: =IF(ISERROR(IF($P70="","",ROUND(($P70/$P$10)*$Q$10,2))),"",IF($P70="","",ROUND(($P70/$P$10)*$Q$10,2))) -> 64 | R70: =IF($Q70="","",ROUND($Q70*$R$10,2)) -> 19.2 | S70: 13 | T70: 25 | AC70: =IF(COUNT($S70:$AB70)=0,"",SUM($S70:$AB70)) -> 38 | AD70: =IF(ISERROR(IF($AC70="","",ROUND(($AC70/$AC$10)*$AD$10,2))),"",IF($AC70="","",ROUND(($AC70/$AC$10)*$AD$10,2))) -> 84.44 | AE70: =IF($AD70="","",ROUND($AD70*$AE$10,2)) -> 42.22 | AF70: 50 | AG70: =IF(ISERROR(IF($AF70="","",ROUND(($AF70/$AF$10)*$AG$10,2))),"",IF($AF70="","",ROUND(($AF70/$AF$10)*$AG$10,2))) -> 100 | AH70: =IF($AG70="","",ROUND($AG70*$AH$10,2)) -> 20 | AI70: =IF(ISERROR(IF($AF70="","",ROUND(SUM($R70,$AE70,$AH70),2))),"",IF($AF70="","",ROUND(SUM($R70,$AE70,$AH70),2))) -> 81.42 | AJ70: =IF(ISERROR(IF($AF70="","",VLOOKUP(AI70,TRANSMUTATION_TABLE,4,TRUE))),"",IF($AF70="","",VLOOKUP(AI70,TRANSMUTATION_TABLE,4,TRUE))) -> 88
A71: 9 | B71: ='INPUT DATA'!B71 -> Herrera, Naomi G. | F71: 30 | G71: 46 | H71: 18 | P71: =IF(COUNT($F71:$O71)=0,"",SUM($F71:$O71)) -> 94 | Q71: =IF(ISERROR(IF($P71="","",ROUND(($P71/$P$10)*$Q$10,2))),"",IF($P71="","",ROUND(($P71/$P$10)*$Q$10,2))) -> 94 | R71: =IF($Q71="","",ROUND($Q71*$R$10,2)) -> 28.2 | S71: 12 | T71: 19 | AC71: =IF(COUNT($S71:$AB71)=0,"",SUM($S71:$AB71)) -> 31 | AD71: =IF(ISERROR(IF($AC71="","",ROUND(($AC71/$AC$10)*$AD$10,2))),"",IF($AC71="","",ROUND(($AC71/$AC$10)*$AD$10,2))) -> 68.89 | AE71: =IF($AD71="","",ROUND($AD71*$AE$10,2)) -> 34.45 | AF71: 40 | AG71: =IF(ISERROR(IF($AF71="","",ROUND(($AF71/$AF$10)*$AG$10,2))),"",IF($AF71="","",ROUND(($AF71/$AF$10)*$AG$10,2))) -> 80 | AH71: =IF($AG71="","",ROUND($AG71*$AH$10,2)) -> 16 | AI71: =IF(ISERROR(IF($AF71="","",ROUND(SUM($R71,$AE71,$AH71),2))),"",IF($AF71="","",ROUND(SUM($R71,$AE71,$AH71),2))) -> 78.65 | AJ71: =IF(ISERROR(IF($AF71="","",VLOOKUP(AI71,TRANSMUTATION_TABLE,4,TRUE))),"",IF($AF71="","",VLOOKUP(AI71,TRANSMUTATION_TABLE,4,TRUE))) -> 86
A72: 10 | B72: ='INPUT DATA'!B72 -> Ibarra, Penelope C. | F72: 23 | G72: 50 | H72: 19 | P72: =IF(COUNT($F72:$O72)=0,"",SUM($F72:$O72)) -> 92 | Q72: =IF(ISERROR(IF($P72="","",ROUND(($P72/$P$10)*$Q$10,2))),"",IF($P72="","",ROUND(($P72/$P$10)*$Q$10,2))) -> 92 | R72: =IF($Q72="","",ROUND($Q72*$R$10,2)) -> 27.6 | S72: 17 | T72: 18 | AC72: =IF(COUNT($S72:$AB72)=0,"",SUM($S72:$AB72)) -> 35 | AD72: =IF(ISERROR(IF($AC72="","",ROUND(($AC72/$AC$10)*$AD$10,2))),"",IF($AC72="","",ROUND(($AC72/$AC$10)*$AD$10,2))) -> 77.78 | AE72: =IF($AD72="","",ROUND($AD72*$AE$10,2)) -> 38.89 | AF72: 45 | AG72: =IF(ISERROR(IF($AF72="","",ROUND(($AF72/$AF$10)*$AG$10,2))),"",IF($AF72="","",ROUND(($AF72/$AF$10)*$AG$10,2))) -> 90 | AH72: =IF($AG72="","",ROUND($AG72*$AH$10,2)) -> 18 | AI72: =IF(ISERROR(IF($AF72="","",ROUND(SUM($R72,$AE72,$AH72),2))),"",IF($AF72="","",ROUND(SUM($R72,$AE72,$AH72),2))) -> 84.49 | AJ72: =IF(ISERROR(IF($AF72="","",VLOOKUP(AI72,TRANSMUTATION_TABLE,4,TRUE))),"",IF($AF72="","",VLOOKUP(AI72,TRANSMUTATION_TABLE,4,TRUE))) -> 90
A73: 11 | B73: ='INPUT DATA'!B73 -> Jimenez, Clara S. | F73: 28 | G73: 30 | H73: 16 | P73: =IF(COUNT($F73:$O73)=0,"",SUM($F73:$O73)) -> 74 | Q73: =IF(ISERROR(IF($P73="","",ROUND(($P73/$P$10)*$Q$10,2))),"",IF($P73="","",ROUND(($P73/$P$10)*$Q$10,2))) -> 74 | R73: =IF($Q73="","",ROUND($Q73*$R$10,2)) -> 22.2 | S73: 19 | T73: 20 | AC73: =IF(COUNT($S73:$AB73)=0,"",SUM($S73:$AB73)) -> 39 | AD73: =IF(ISERROR(IF($AC73="","",ROUND(($AC73/$AC$10)*$AD$10,2))),"",IF($AC73="","",ROUND(($AC73/$AC$10)*$AD$10,2))) -> 86.67 | AE73: =IF($AD73="","",ROUND($AD73*$AE$10,2)) -> 43.34 | AF73: 49 | AG73: =IF(ISERROR(IF($AF73="","",ROUND(($AF73/$AF$10)*$AG$10,2))),"",IF($AF73="","",ROUND(($AF73/$AF$10)*$AG$10,2))) -> 98 | AH73: =IF($AG73="","",ROUND($AG73*$AH$10,2)) -> 19.6 | AI73: =IF(ISERROR(IF($AF73="","",ROUND(SUM($R73,$AE73,$AH73),2))),"",IF($AF73="","",ROUND(SUM($R73,$AE73,$AH73),2))) -> 85.14 | AJ73: =IF(ISERROR(IF($AF73="","",VLOOKUP(AI73,TRANSMUTATION_TABLE,4,TRUE))),"",IF($AF73="","",VLOOKUP(AI73,TRANSMUTATION_TABLE,4,TRUE))) -> 90
A74: 12 | B74: ='INPUT DATA'!B74 -> Lagman, Aurora V. | F74: 20 | G74: 49 | H74: 15 | P74: =IF(COUNT($F74:$O74)=0,"",SUM($F74:$O74)) -> 84 | Q74: =IF(ISERROR(IF($P74="","",ROUND(($P74/$P$10)*$Q$10,2))),"",IF($P74="","",ROUND(($P74/$P$10)*$Q$10,2))) -> 84 | R74: =IF($Q74="","",ROUND($Q74*$R$10,2)) -> 25.2 | S74: 15 | T74: 25 | AC74: =IF(COUNT($S74:$AB74)=0,"",SUM($S74:$AB74)) -> 40 | AD74: =IF(ISERROR(IF($AC74="","",ROUND(($AC74/$AC$10)*$AD$10,2))),"",IF($AC74="","",ROUND(($AC74/$AC$10)*$AD$10,2))) -> 88.89 | AE74: =IF($AD74="","",ROUND($AD74*$AE$10,2)) -> 44.45 | AF74: 40 | AG74: =IF(ISERROR(IF($AF74="","",ROUND(($AF74/$AF$10)*$AG$10,2))),"",IF($AF74="","",ROUND(($AF74/$AF$10)*$AG$10,2))) -> 80 | AH74: =IF($AG74="","",ROUND($AG74*$AH$10,2)) -> 16 | AI74: =IF(ISERROR(IF($AF74="","",ROUND(SUM($R74,$AE74,$AH74),2))),"",IF($AF74="","",ROUND(SUM($R74,$AE74,$AH74),2))) -> 85.65 | AJ74: =IF(ISERROR(IF($AF74="","",VLOOKUP(AI74,TRANSMUTATION_TABLE,4,TRUE))),"",IF($AF74="","",VLOOKUP(AI74,TRANSMUTATION_TABLE,4,TRUE))) -> 91
... A86: 24 | B86: ='INPUT DATA'!B86 -> Zamora, Felicity P. | F86: 27 | G86: 49 | H86: 15 | P86: =IF(COUNT($F86:$O86)=0,"",SUM($F86:$O86)) -> 91 | Q86: =IF(ISERROR(IF($P86="","",ROUND(($P86/$P$10)*$Q$10,2))),"",IF($P86="","",ROUND(($P86/$P$10)*$Q$10,2))) -> 91 | R86: =IF($Q86="","",ROUND($Q86*$R$10,2)) -> 27.3 | S86: 19 | T86: 20 | AC86: =IF(COUNT($S86:$AB86)=0,"",SUM($S86:$AB86)) -> 39 | AD86: =IF(ISERROR(IF($AC86="","",ROUND(($AC86/$AC$10)*$AD$10,2))),"",IF($AC86="","",ROUND(($AC86/$AC$10)*$AD$10,2))) -> 86.67 | AE86: =IF($AD86="","",ROUND($AD86*$AE$10,2)) -> 43.34 | AF86: 44 | AG86: =IF(ISERROR(IF($AF86="","",ROUND(($AF86/$AF$10)*$AG$10,2))),"",IF($AF86="","",ROUND(($AF86/$AF$10)*$AG$10,2))) -> 88 | AH86: =IF($AG86="","",ROUND($AG86*$AH$10,2)) -> 17.6 | AI86: =IF(ISERROR(IF($AF86="","",ROUND(SUM($R86,$AE86,$AH86),2))),"",IF($AF86="","",ROUND(SUM($R86,$AE86,$AH86),2))) -> 88.24 | AJ86: =IF(ISERROR(IF($AF86="","",VLOOKUP(AI86,TRANSMUTATION_TABLE,4,TRUE))),"",IF($AF86="","",VLOOKUP(AI86,TRANSMUTATION_TABLE,4,TRUE))) -> 92
A87: 25 | B87: ='INPUT DATA'!B87 -> 0 | P87: =IF(COUNT($F87:$O87)=0,"",SUM($F87:$O87)) | Q87: =IF(ISERROR(IF($P87="","",ROUND(($P87/$P$10)*$Q$10,2))),"",IF($P87="","",ROUND(($P87/$P$10)*$Q$10,2))) | R87: =IF($Q87="","",ROUND($Q87*$R$10,2)) | AC87: =IF(COUNT($S87:$AB87)=0,"",SUM($S87:$AB87)) | AD87: =IF(ISERROR(IF($AC87="","",ROUND(($AC87/$AC$10)*$AD$10,2))),"",IF($AC87="","",ROUND(($AC87/$AC$10)*$AD$10,2))) | AE87: =IF($AD87="","",ROUND($AD87*$AE$10,2)) | AG87: =IF(ISERROR(IF($AF87="","",ROUND(($AF87/$AF$10)*$AG$10,2))),"",IF($AF87="","",ROUND(($AF87/$AF$10)*$AG$10,2))) | AH87: =IF($AG87="","",ROUND($AG87*$AH$10,2)) | AI87: =IF(ISERROR(IF($AF87="","",ROUND(SUM($R87,$AE87,$AH87),2))),"",IF($AF87="","",ROUND(SUM($R87,$AE87,$AH87),2))) | AJ87: =IF(ISERROR(IF($AF87="","",VLOOKUP(AI87,TRANSMUTATION_TABLE,4,TRUE))),"",IF($AF87="","",VLOOKUP(AI87,TRANSMUTATION_TABLE,4,TRUE)))
A88: 26 | B88: ='INPUT DATA'!B88 -> 0 | P88: =IF(COUNT($F88:$O88)=0,"",SUM($F88:$O88)) | Q88: =IF(ISERROR(IF($P88="","",ROUND(($P88/$P$10)*$Q$10,2))),"",IF($P88="","",ROUND(($P88/$P$10)*$Q$10,2))) | R88: =IF($Q88="","",ROUND($Q88*$R$10,2)) | AC88: =IF(COUNT($S88:$AB88)=0,"",SUM($S88:$AB88)) | AD88: =IF(ISERROR(IF($AC88="","",ROUND(($AC88/$AC$10)*$AD$10,2))),"",IF($AC88="","",ROUND(($AC88/$AC$10)*$AD$10,2))) | AE88: =IF($AD88="","",ROUND($AD88*$AE$10,2)) | AG88: =IF(ISERROR(IF($AF88="","",ROUND(($AF88/$AF$10)*$AG$10,2))),"",IF($AF88="","",ROUND(($AF88/$AF$10)*$AG$10,2))) | AH88: =IF($AG88="","",ROUND($AG88*$AH$10,2)) | AI88: =IF(ISERROR(IF($AF88="","",ROUND(SUM($R88,$AE88,$AH88),2))),"",IF($AF88="","",ROUND(SUM($R88,$AE88,$AH88),2))) | AJ88: =IF(ISERROR(IF($AF88="","",VLOOKUP(AI88,TRANSMUTATION_TABLE,4,TRUE))),"",IF($AF88="","",VLOOKUP(AI88,TRANSMUTATION_TABLE,4,TRUE)))
A89: 27 | B89: ='INPUT DATA'!B89 -> 0 | P89: =IF(COUNT($F89:$O89)=0,"",SUM($F89:$O89)) | Q89: =IF(ISERROR(IF($P89="","",ROUND(($P89/$P$10)*$Q$10,2))),"",IF($P89="","",ROUND(($P89/$P$10)*$Q$10,2))) | R89: =IF($Q89="","",ROUND($Q89*$R$10,2)) | AC89: =IF(COUNT($S89:$AB89)=0,"",SUM($S89:$AB89)) | AD89: =IF(ISERROR(IF($AC89="","",ROUND(($AC89/$AC$10)*$AD$10,2))),"",IF($AC89="","",ROUND(($AC89/$AC$10)*$AD$10,2))) | AE89: =IF($AD89="","",ROUND($AD89*$AE$10,2)) | AG89: =IF(ISERROR(IF($AF89="","",ROUND(($AF89/$AF$10)*$AG$10,2))),"",IF($AF89="","",ROUND(($AF89/$AF$10)*$AG$10,2))) | AH89: =IF($AG89="","",ROUND($AG89*$AH$10,2)) | AI89: =IF(ISERROR(IF($AF89="","",ROUND(SUM($R89,$AE89,$AH89),2))),"",IF($AF89="","",ROUND(SUM($R89,$AE89,$AH89),2))) | AJ89: =IF(ISERROR(IF($AF89="","",VLOOKUP(AI89,TRANSMUTATION_TABLE,4,TRUE))),"",IF($AF89="","",VLOOKUP(AI89,TRANSMUTATION_TABLE,4,TRUE)))
A90: 28 | B90: ='INPUT DATA'!B90 -> 0 | P90: =IF(COUNT($F90:$O90)=0,"",SUM($F90:$O90)) | Q90: =IF(ISERROR(IF($P90="","",ROUND(($P90/$P$10)*$Q$10,2))),"",IF($P90="","",ROUND(($P90/$P$10)*$Q$10,2))) | R90: =IF($Q90="","",ROUND($Q90*$R$10,2)) | AC90: =IF(COUNT($S90:$AB90)=0,"",SUM($S90:$AB90)) | AD90: =IF(ISERROR(IF($AC90="","",ROUND(($AC90/$AC$10)*$AD$10,2))),"",IF($AC90="","",ROUND(($AC90/$AC$10)*$AD$10,2))) | AE90: =IF($AD90="","",ROUND($AD90*$AE$10,2)) | AG90: =IF(ISERROR(IF($AF90="","",ROUND(($AF90/$AF$10)*$AG$10,2))),"",IF($AF90="","",ROUND(($AF90/$AF$10)*$AG$10,2))) | AH90: =IF($AG90="","",ROUND($AG90*$AH$10,2)) | AI90: =IF(ISERROR(IF($AF90="","",ROUND(SUM($R90,$AE90,$AH90),2))),"",IF($AF90="","",ROUND(SUM($R90,$AE90,$AH90),2))) | AJ90: =IF(ISERROR(IF($AF90="","",VLOOKUP(AI90,TRANSMUTATION_TABLE,4,TRUE))),"",IF($AF90="","",VLOOKUP(AI90,TRANSMUTATION_TABLE,4,TRUE)))
A91: 29 | B91: ='INPUT DATA'!B91 -> 0 | P91: =IF(COUNT($F91:$O91)=0,"",SUM($F91:$O91)) | Q91: =IF(ISERROR(IF($P91="","",ROUND(($P91/$P$10)*$Q$10,2))),"",IF($P91="","",ROUND(($P91/$P$10)*$Q$10,2))) | R91: =IF($Q91="","",ROUND($Q91*$R$10,2)) | AC91: =IF(COUNT($S91:$AB91)=0,"",SUM($S91:$AB91)) | AD91: =IF(ISERROR(IF($AC91="","",ROUND(($AC91/$AC$10)*$AD$10,2))),"",IF($AC91="","",ROUND(($AC91/$AC$10)*$AD$10,2))) | AE91: =IF($AD91="","",ROUND($AD91*$AE$10,2)) | AG91: =IF(ISERROR(IF($AF91="","",ROUND(($AF91/$AF$10)*$AG$10,2))),"",IF($AF91="","",ROUND(($AF91/$AF$10)*$AG$10,2))) | AH91: =IF($AG91="","",ROUND($AG91*$AH$10,2)) | AI91: =IF(ISERROR(IF($AF91="","",ROUND(SUM($R91,$AE91,$AH91),2))),"",IF($AF91="","",ROUND(SUM($R91,$AE91,$AH91),2))) | AJ91: =IF(ISERROR(IF($AF91="","",VLOOKUP(AI91,TRANSMUTATION_TABLE,4,TRUE))),"",IF($AF91="","",VLOOKUP(AI91,TRANSMUTATION_TABLE,4,TRUE)))
A92: 30 | B92: ='INPUT DATA'!B92 -> 0 | P92: =IF(COUNT($F92:$O92)=0,"",SUM($F92:$O92)) | Q92: =IF(ISERROR(IF($P92="","",ROUND(($P92/$P$10)*$Q$10,2))),"",IF($P92="","",ROUND(($P92/$P$10)*$Q$10,2))) | R92: =IF($Q92="","",ROUND($Q92*$R$10,2)) | AC92: =IF(COUNT($S92:$AB92)=0,"",SUM($S92:$AB92)) | AD92: =IF(ISERROR(IF($AC92="","",ROUND(($AC92/$AC$10)*$AD$10,2))),"",IF($AC92="","",ROUND(($AC92/$AC$10)*$AD$10,2))) | AE92: =IF($AD92="","",ROUND($AD92*$AE$10,2)) | AG92: =IF(ISERROR(IF($AF92="","",ROUND(($AF92/$AF$10)*$AG$10,2))),"",IF($AF92="","",ROUND(($AF92/$AF$10)*$AG$10,2))) | AH92: =IF($AG92="","",ROUND($AG92*$AH$10,2)) | AI92: =IF(ISERROR(IF($AF92="","",ROUND(SUM($R92,$AE92,$AH92),2))),"",IF($AF92="","",ROUND(SUM($R92,$AE92,$AH92),2))) | AJ92: =IF(ISERROR(IF($AF92="","",VLOOKUP(AI92,TRANSMUTATION_TABLE,4,TRUE))),"",IF($AF92="","",VLOOKUP(AI92,TRANSMUTATION_TABLE,4,TRUE)))
A93: 31 | B93: ='INPUT DATA'!B93 -> 0 | P93: =IF(COUNT($F93:$O93)=0,"",SUM($F93:$O93)) | Q93: =IF(ISERROR(IF($P93="","",ROUND(($P93/$P$10)*$Q$10,2))),"",IF($P93="","",ROUND(($P93/$P$10)*$Q$10,2))) | R93: =IF($Q93="","",ROUND($Q93*$R$10,2)) | AC93: =IF(COUNT($S93:$AB93)=0,"",SUM($S93:$AB93)) | AD93: =IF(ISERROR(IF($AC93="","",ROUND(($AC93/$AC$10)*$AD$10,2))),"",IF($AC93="","",ROUND(($AC93/$AC$10)*$AD$10,2))) | AE93: =IF($AD93="","",ROUND($AD93*$AE$10,2)) | AG93: =IF(ISERROR(IF($AF93="","",ROUND(($AF93/$AF$10)*$AG$10,2))),"",IF($AF93="","",ROUND(($AF93/$AF$10)*$AG$10,2))) | AH93: =IF($AG93="","",ROUND($AG93*$AH$10,2)) | AI93: =IF(ISERROR(IF($AF93="","",ROUND(SUM($R93,$AE93,$AH93),2))),"",IF($AF93="","",ROUND(SUM($R93,$AE93,$AH93),2))) | AJ93: =IF(ISERROR(IF($AF93="","",VLOOKUP(AI93,TRANSMUTATION_TABLE,4,TRUE))),"",IF($AF93="","",VLOOKUP(AI93,TRANSMUTATION_TABLE,4,TRUE)))
A94: 32 | B94: ='INPUT DATA'!B94 -> 0 | P94: =IF(COUNT($F94:$O94)=0,"",SUM($F94:$O94)) | Q94: =IF(ISERROR(IF($P94="","",ROUND(($P94/$P$10)*$Q$10,2))),"",IF($P94="","",ROUND(($P94/$P$10)*$Q$10,2))) | R94: =IF($Q94="","",ROUND($Q94*$R$10,2)) | AC94: =IF(COUNT($S94:$AB94)=0,"",SUM($S94:$AB94)) | AD94: =IF(ISERROR(IF($AC94="","",ROUND(($AC94/$AC$10)*$AD$10,2))),"",IF($AC94="","",ROUND(($AC94/$AC$10)*$AD$10,2))) | AE94: =IF($AD94="","",ROUND($AD94*$AE$10,2)) | AG94: =IF(ISERROR(IF($AF94="","",ROUND(($AF94/$AF$10)*$AG$10,2))),"",IF($AF94="","",ROUND(($AF94/$AF$10)*$AG$10,2))) | AH94: =IF($AG94="","",ROUND($AG94*$AH$10,2)) | AI94: =IF(ISERROR(IF($AF94="","",ROUND(SUM($R94,$AE94,$AH94),2))),"",IF($AF94="","",ROUND(SUM($R94,$AE94,$AH94),2))) | AJ94: =IF(ISERROR(IF($AF94="","",VLOOKUP(AI94,TRANSMUTATION_TABLE,4,TRUE))),"",IF($AF94="","",VLOOKUP(AI94,TRANSMUTATION_TABLE,4,TRUE)))
A95: 33 | B95: ='INPUT DATA'!B95 -> 0 | P95: =IF(COUNT($F95:$O95)=0,"",SUM($F95:$O95)) | Q95: =IF(ISERROR(IF($P95="","",ROUND(($P95/$P$10)*$Q$10,2))),"",IF($P95="","",ROUND(($P95/$P$10)*$Q$10,2))) | R95: =IF($Q95="","",ROUND($Q95*$R$10,2)) | AC95: =IF(COUNT($S95:$AB95)=0,"",SUM($S95:$AB95)) | AD95: =IF(ISERROR(IF($AC95="","",ROUND(($AC95/$AC$10)*$AD$10,2))),"",IF($AC95="","",ROUND(($AC95/$AC$10)*$AD$10,2))) | AE95: =IF($AD95="","",ROUND($AD95*$AE$10,2)) | AG95: =IF(ISERROR(IF($AF95="","",ROUND(($AF95/$AF$10)*$AG$10,2))),"",IF($AF95="","",ROUND(($AF95/$AF$10)*$AG$10,2))) | AH95: =IF($AG95="","",ROUND($AG95*$AH$10,2)) | AI95: =IF(ISERROR(IF($AF95="","",ROUND(SUM($R95,$AE95,$AH95),2))),"",IF($AF95="","",ROUND(SUM($R95,$AE95,$AH95),2))) | AJ95: =IF(ISERROR(IF($AF95="","",VLOOKUP(AI95,TRANSMUTATION_TABLE,4,TRUE))),"",IF($AF95="","",VLOOKUP(AI95,TRANSMUTATION_TABLE,4,TRUE)))
A96: 34 | B96: ='INPUT DATA'!B96 -> 0 | P96: =IF(COUNT($F96:$O96)=0,"",SUM($F96:$O96)) | Q96: =IF(ISERROR(IF($P96="","",ROUND(($P96/$P$10)*$Q$10,2))),"",IF($P96="","",ROUND(($P96/$P$10)*$Q$10,2))) | R96: =IF($Q96="","",ROUND($Q96*$R$10,2)) | AC96: =IF(COUNT($S96:$AB96)=0,"",SUM($S96:$AB96)) | AD96: =IF(ISERROR(IF($AC96="","",ROUND(($AC96/$AC$10)*$AD$10,2))),"",IF($AC96="","",ROUND(($AC96/$AC$10)*$AD$10,2))) | AE96: =IF($AD96="","",ROUND($AD96*$AE$10,2)) | AG96: =IF(ISERROR(IF($AF96="","",ROUND(($AF96/$AF$10)*$AG$10,2))),"",IF($AF96="","",ROUND(($AF96/$AF$10)*$AG$10,2))) | AH96: =IF($AG96="","",ROUND($AG96*$AH$10,2)) | AI96: =IF(ISERROR(IF($AF96="","",ROUND(SUM($R96,$AE96,$AH96),2))),"",IF($AF96="","",ROUND(SUM($R96,$AE96,$AH96),2))) | AJ96: =IF(ISERROR(IF($AF96="","",VLOOKUP(AI96,TRANSMUTATION_TABLE,4,TRUE))),"",IF($AF96="","",VLOOKUP(AI96,TRANSMUTATION_TABLE,4,TRUE)))
A97: 35 | B97: ='INPUT DATA'!B97 -> 0 | P97: =IF(COUNT($F97:$O97)=0,"",SUM($F97:$O97)) | Q97: =IF(ISERROR(IF($P97="","",ROUND(($P97/$P$10)*$Q$10,2))),"",IF($P97="","",ROUND(($P97/$P$10)*$Q$10,2))) | R97: =IF($Q97="","",ROUND($Q97*$R$10,2)) | AC97: =IF(COUNT($S97:$AB97)=0,"",SUM($S97:$AB97)) | AD97: =IF(ISERROR(IF($AC97="","",ROUND(($AC97/$AC$10)*$AD$10,2))),"",IF($AC97="","",ROUND(($AC97/$AC$10)*$AD$10,2))) | AE97: =IF($AD97="","",ROUND($AD97*$AE$10,2)) | AG97: =IF(ISERROR(IF($AF97="","",ROUND(($AF97/$AF$10)*$AG$10,2))),"",IF($AF97="","",ROUND(($AF97/$AF$10)*$AG$10,2))) | AH97: =IF($AG97="","",ROUND($AG97*$AH$10,2)) | AI97: =IF(ISERROR(IF($AF97="","",ROUND(SUM($R97,$AE97,$AH97),2))),"",IF($AF97="","",ROUND(SUM($R97,$AE97,$AH97),2))) | AJ97: =IF(ISERROR(IF($AF97="","",VLOOKUP(AI97,TRANSMUTATION_TABLE,4,TRUE))),"",IF($AF97="","",VLOOKUP(AI97,TRANSMUTATION_TABLE,4,TRUE)))
A98: 36 | B98: ='INPUT DATA'!B98 -> 0 | P98: =IF(COUNT($F98:$O98)=0,"",SUM($F98:$O98)) | Q98: =IF(ISERROR(IF($P98="","",ROUND(($P98/$P$10)*$Q$10,2))),"",IF($P98="","",ROUND(($P98/$P$10)*$Q$10,2))) | R98: =IF($Q98="","",ROUND($Q98*$R$10,2)) | AC98: =IF(COUNT($S98:$AB98)=0,"",SUM($S98:$AB98)) | AD98: =IF(ISERROR(IF($AC98="","",ROUND(($AC98/$AC$10)*$AD$10,2))),"",IF($AC98="","",ROUND(($AC98/$AC$10)*$AD$10,2))) | AE98: =IF($AD98="","",ROUND($AD98*$AE$10,2)) | AG98: =IF(ISERROR(IF($AF98="","",ROUND(($AF98/$AF$10)*$AG$10,2))),"",IF($AF98="","",ROUND(($AF98/$AF$10)*$AG$10,2))) | AH98: =IF($AG98="","",ROUND($AG98*$AH$10,2)) | AI98: =IF(ISERROR(IF($AF98="","",ROUND(SUM($R98,$AE98,$AH98),2))),"",IF($AF98="","",ROUND(SUM($R98,$AE98,$AH98),2))) | AJ98: =IF(ISERROR(IF($AF98="","",VLOOKUP(AI98,TRANSMUTATION_TABLE,4,TRUE))),"",IF($AF98="","",VLOOKUP(AI98,TRANSMUTATION_TABLE,4,TRUE)))
... A112: 50 | B112: ='INPUT DATA'!B112 -> 0 | P112: =IF(COUNT($F112:$O112)=0,"",SUM($F112:$O112)) | Q112: =IF(ISERROR(IF($P112="","",ROUND(($P112/$P$10)*$Q$10,2))),"",IF($P112="","",ROUND(($P112/$P$10)*$Q$10,2))) | R112: =IF($Q112="","",ROUND($Q112*$R$10,2)) | AC112: =IF(COUNT($S112:$AB112)=0,"",SUM($S112:$AB112)) | AD112: =IF(ISERROR(IF($AC112="","",ROUND(($AC112/$AC$10)*$AD$10,2))),"",IF($AC112="","",ROUND(($AC112/$AC$10)*$AD$10,2))) | AE112: =IF($AD112="","",ROUND($AD112*$AE$10,2)) | AG112: =IF(ISERROR(IF($AF112="","",ROUND(($AF112/$AF$10)*$AG$10,2))),"",IF($AF112="","",ROUND(($AF112/$AF$10)*$AG$10,2))) | AH112: =IF($AG112="","",ROUND($AG112*$AH$10,2)) | AI112: =IF(ISERROR(IF($AF112="","",ROUND(SUM($R112,$AE112,$AH112),2))),"",IF($AF112="","",ROUND(SUM($R112,$AE112,$AH112),2))) | AJ112: =IF(ISERROR(IF($AF112="","",VLOOKUP(AI112,TRANSMUTATION_TABLE,4,TRUE))),"",IF($AF112="","",VLOOKUP(AI112,TRANSMUTATION_TABLE,4,TRUE)))

Sheet ENGLISH _Q2
A1: Class Record
A3: (Pursuant to Deped Order 8 series of 2015)
C4: REGION | G4: ='INPUT DATA'!G4 -> 0 | L4: DIVISION | O4: ='INPUT DATA'!O4 -> 0
B5: SCHOOL NAME | G5: ='INPUT DATA'!G5 -> 0 | T5: SCHOOL ID | X5: ='INPUT DATA'!X5 -> 0 | AD5: SCHOOL YEAR | AG5: ='INPUT DATA'!AG5 -> 0
A7: SECOND QUARTER | F7: GRADE & SECTION: | K7: ='INPUT DATA'!K7 -> 0 | Q7: TEACHER: | S7: ='INPUT DATA'!S7 -> 0 | AC7: SUBJECT: | AG7: ='INPUT DATA'!AG7 -> 0
B8: LEARNERS' NAMES | F8: WRITTEN WORKS (30%) | S8: PERFORMANCE TASKS (50%) | AF8: QUARTERLY ASSESSMENT (20%) | AI8: Initial | AJ8: Quarterly
F9: 1 | G9: 2 | H9: 3 | I9: 4 | J9: 5 | K9: 6 | L9: 7 | M9: 8 | N9: 9 | O9: 10 | P9: Total | Q9: PS | R9: WS | S9: 1 | T9: 2 | U9: 3 | V9: 4 | W9: 5 | X9: 6 | Y9: 7 | Z9: 8 | AA9: 9 | AB9: 10 | AC9: Total | AD9: PS | AE9: WS | AF9: 1 | AG9: PS | AH9: WS | AI9: Grade | AJ9: Grade
B10: HIGHEST POSSIBLE SCORE | F10: 30 | G10: 50 | H10: 20 | P10: =IF(COUNT($F10:$O10)=0,"",SUM($F10:$O10)) -> 100 | Q10: 100 | R10: 0.3 | S10: 25 | AC10: =IF(COUNT($S10:$AB10)=0,"",SUM($S10:$AB10)) -> 25 | AD10: 100 | AE10: 0.5 | AF10: 50 | AG10: 100 | AH10: 0.2
B11: MALE
A12: 1 | B12: ='INPUT DATA'!B12 -> Quan, Dean D. | F12: 30 | G12: 50 | H12: 20 | P12: =IF(COUNT($F12:$O12)=0,"",SUM($F12:$O12)) -> 100 | Q12: =IF(ISERROR(IF($P12="","",ROUND(($P12/$P$10)*$Q$10,2))),"",IF($P12="","",ROUND(($P12/$P$10)*$Q$10,2))) -> 100 | R12: =IF($Q12="","",ROUND($Q12*$R$10,2)) -> 30 | S12: 25 | AC12: =IF(COUNT($S12:$AB12)=0,"",SUM($S12:$AB12)) -> 25 | AD12: =IF(ISERROR(IF($AC12="","",ROUND(($AC12/$AC$10)*$AD$10,2))),"",IF($AC12="","",ROUND(($AC12/$AC$10)*$AD$10,2))) -> 100 | AE12: =IF($AD12="","",ROUND($AD12*$AE$10,2)) -> 50 | AF12: 47 | AG12: =IF(ISERROR(IF($AF12="","",ROUND(($AF12/$AF$10)*$AG$10,2))),"",IF($AF12="","",ROUND(($AF12/$AF$10)*$AG$10,2))) -> 94 | AH12: =IF($AG12="","",ROUND($AG12*$AH$10,2)) -> 18.8 | AI12: =IF(ISERROR(IF($AF12="","",ROUND(SUM($R12,$AE12,$AH12),2))),"",IF($AF12="","",ROUND(SUM($R12,$AE12,$AH12),2))) -> 98.8 | AJ12: =IF(ISERROR(IF($AF12="","",VLOOKUP(AI12,TRANSMUTATION_TABLE,4,TRUE))),"",IF($AF12="","",VLOOKUP(AI12,TRANSMUTATION_TABLE,4,TRUE))) -> 99
A13: 2 | B13: ='INPUT DATA'!B13 -> Beltran, Julian S. | F13: 29 | G13: 45 | H13: 19 | P13: =IF(COUNT($F13:$O13)=0,"",SUM($F13:$O13)) -> 93 | Q13: =IF(ISERROR(IF($P13="","",ROUND(($P13/$P$10)*$Q$10,2))),"",IF($P13="","",ROUND(($P13/$P$10)*$Q$10,2))) -> 93 | R13: =IF($Q13="","",ROUND($Q13*$R$10,2)) -> 27.9 | S13: 20 | AC13: =IF(COUNT($S13:$AB13)=0,"",SUM($S13:$AB13)) -> 20 | AD13: =IF(ISERROR(IF($AC13="","",ROUND(($AC13/$AC$10)*$AD$10,2))),"",IF($AC13="","",ROUND(($AC13/$AC$10)*$AD$10,2))) -> 80 | AE13: =IF($AD13="","",ROUND($AD13*$AE$10,2)) -> 40 | AF13: 45 | AG13: =IF(ISERROR(IF($AF13="","",ROUND(($AF13/$AF$10)*$AG$10,2))),"",IF($AF13="","",ROUND(($AF13/$AF$10)*$AG$10,2))) -> 90 | AH13: =IF($AG13="","",ROUND($AG13*$AH$10,2)) -> 18 | AI13: =IF(ISERROR(IF($AF13="","",ROUND(SUM($R13,$AE13,$AH13),2))),"",IF($AF13="","",ROUND(SUM($R13,$AE13,$AH13),2))) -> 85.9 | AJ13: =IF(ISERROR(IF($AF13="","",VLOOKUP(AI13,TRANSMUTATION_TABLE,4,TRUE))),"",IF($AF13="","",VLOOKUP(AI13,TRANSMUTATION_TABLE,4,TRUE))) -> 91
A14: 3 | B14: ='INPUT DATA'!B14 -> Castro, Angelo P. | F14: 25 | G14: 49 | H14: 13 | P14: =IF(COUNT($F14:$O14)=0,"",SUM($F14:$O14)) -> 87 | Q14: =IF(ISERROR(IF($P14="","",ROUND(($P14/$P$10)*$Q$10,2))),"",IF($P14="","",ROUND(($P14/$P$10)*$Q$10,2))) -> 87 | R14: =IF($Q14="","",ROUND($Q14*$R$10,2)) -> 26.1 | S14: 24 | AC14: =IF(COUNT($S14:$AB14)=0,"",SUM($S14:$AB14)) -> 24 | AD14: =IF(ISERROR(IF($AC14="","",ROUND(($AC14/$AC$10)*$AD$10,2))),"",IF($AC14="","",ROUND(($AC14/$AC$10)*$AD$10,2))) -> 96 | AE14: =IF($AD14="","",ROUND($AD14*$AE$10,2)) -> 48 | AF14: 49 | AG14: =IF(ISERROR(IF($AF14="","",ROUND(($AF14/$AF$10)*$AG$10,2))),"",IF($AF14="","",ROUND(($AF14/$AF$10)*$AG$10,2))) -> 98 | AH14: =IF($AG14="","",ROUND($AG14*$AH$10,2)) -> 19.6 | AI14: =IF(ISERROR(IF($AF14="","",ROUND(SUM($R14,$AE14,$AH14),2))),"",IF($AF14="","",ROUND(SUM($R14,$AE14,$AH14),2))) -> 93.7 | AJ14: =IF(ISERROR(IF($AF14="","",VLOOKUP(AI14,TRANSMUTATION_TABLE,4,TRUE))),"",IF($AF14="","",VLOOKUP(AI14,TRANSMUTATION_TABLE,4,TRUE))) -> 96
A15: 4 | B15: ='INPUT DATA'!B15 -> Dela Cruz, Mateo G. | F15: 30 | G15: 40 | H15: 15 | P15: =IF(COUNT($F15:$O15)=0,"",SUM($F15:$O15)) -> 85 | Q15: =IF(ISERROR(IF($P15="","",ROUND(($P15/$P$10)*$Q$10,2))),"",IF($P15="","",ROUND(($P15/$P$10)*$Q$10,2))) -> 85 | R15: =IF($Q15="","",ROUND($Q15*$R$10,2)) -> 25.5 | S15: 20 | AC15: =IF(COUNT($S15:$AB15)=0,"",SUM($S15:$AB15)) -> 20 | AD15: =IF(ISERROR(IF($AC15="","",ROUND(($AC15/$AC$10)*$AD$10,2))),"",IF($AC15="","",ROUND(($AC15/$AC$10)*$AD$10,2))) -> 80 | AE15: =IF($AD15="","",ROUND($AD15*$AE$10,2)) -> 40 | AF15: 47 | AG15: =IF(ISERROR(IF($AF15="","",ROUND(($AF15/$AF$10)*$AG$10,2))),"",IF($AF15="","",ROUND(($AF15/$AF$10)*$AG$10,2))) -> 94 | AH15: =IF($AG15="","",ROUND($AG15*$AH$10,2)) -> 18.8 | AI15: =IF(ISERROR(IF($AF15="","",ROUND(SUM($R15,$AE15,$AH15),2))),"",IF($AF15="","",ROUND(SUM($R15,$AE15,$AH15),2))) -> 84.3 | AJ15: =IF(ISERROR(IF($AF15="","",VLOOKUP(AI15,TRANSMUTATION_TABLE,4,TRUE))),"",IF($AF15="","",VLOOKUP(AI15,TRANSMUTATION_TABLE,4,TRUE))) -> 90
A16: 5 | B16: ='INPUT DATA'!B16 -> Enriquez, David J. | F16: 28 | G16: 50 | H16: 19 | P16: =IF(COUNT($F16:$O16)=0,"",SUM($F16:$O16)) -> 97 | Q16: =IF(ISERROR(IF($P16="","",ROUND(($P16/$P$10)*$Q$10,2))),"",IF($P16="","",ROUND(($P16/$P$10)*$Q$10,2))) -> 97 | R16: =IF($Q16="","",ROUND($Q16*$R$10,2)) -> 29.1 | S16: 21 | AC16: =IF(COUNT($S16:$AB16)=0,"",SUM($S16:$AB16)) -> 21 | AD16: =IF(ISERROR(IF($AC16="","",ROUND(($AC16/$AC$10)*$AD$10,2))),"",IF($AC16="","",ROUND(($AC16/$AC$10)*$AD$10,2))) -> 84 | AE16: =IF($AD16="","",ROUND($AD16*$AE$10,2)) -> 42 | AF16: 50 | AG16: =IF(ISERROR(IF($AF16="","",ROUND(($AF16/$AF$10)*$AG$10,2))),"",IF($AF16="","",ROUND(($AF16/$AF$10)*$AG$10,2))) -> 100 | AH16: =IF($AG16="","",ROUND($AG16*$AH$10,2)) -> 20 | AI16: =IF(ISERROR(IF($AF16="","",ROUND(SUM($R16,$AE16,$AH16),2))),"",IF($AF16="","",ROUND(SUM($R16,$AE16,$AH16),2))) -> 91.1 | AJ16: =IF(ISERROR(IF($AF16="","",VLOOKUP(AI16,TRANSMUTATION_TABLE,4,TRUE))),"",IF($AF16="","",VLOOKUP(AI16,TRANSMUTATION_TABLE,4,TRUE))) -> 94
A17: 6 | B17: ='INPUT DATA'!B17 -> Fajardo, Simon T. | F17: 28 | G17: 48 | H17: 15 | P17: =IF(COUNT($F17:$O17)=0,"",SUM($F17:$O17)) -> 91 | Q17: =IF(ISERROR(IF($P17="","",ROUND(($P17/$P$10)*$Q$10,2))),"",IF($P17="","",ROUND(($P17/$P$10)*$Q$10,2))) -> 91 | R17: =IF($Q17="","",ROUND($Q17*$R$10,2)) -> 27.3 | S17: 22 | AC17: =IF(COUNT($S17:$AB17)=0,"",SUM($S17:$AB17)) -> 22 | AD17: =IF(ISERROR(IF($AC17="","",ROUND(($AC17/$AC$10)*$AD$10,2))),"",IF($AC17="","",ROUND(($AC17/$AC$10)*$AD$10,2))) -> 88 | AE17: =IF($AD17="","",ROUND($AD17*$AE$10,2)) -> 44 | AF17: 49 | AG17: =IF(ISERROR(IF($AF17="","",ROUND(($AF17/$AF$10)*$AG$10,2))),"",IF($AF17="","",ROUND(($AF17/$AF$10)*$AG$10,2))) -> 98 | AH17: =IF($AG17="","",ROUND($AG17*$AH$10,2)) -> 19.6 | AI17: =IF(ISERROR(IF($AF17="","",ROUND(SUM($R17,$AE17,$AH17),2))),"",IF($AF17="","",ROUND(SUM($R17,$AE17,$AH17),2))) -> 90.9 | AJ17: =IF(ISERROR(IF($AF17="","",VLOOKUP(AI17,TRANSMUTATION_TABLE,4,TRUE))),"",IF($AF17="","",VLOOKUP(AI17,TRANSMUTATION_TABLE,4,TRUE))) -> 94
A18: 7 | B18: ='INPUT DATA'!B18 -> Garcia, Rafael V. | F18: 29 | G18: 49 | H18: 19 | P18: =IF(COUNT($F18:$O18)=0,"",SUM($F18:$O18)) -> 97 | Q18: =IF(ISERROR(IF($P18="","",ROUND(($P18/$P$10)*$Q$10,2))),"",IF($P18="","",ROUND(($P18/$P$10)*$Q$10,2))) -> 97 | R18: =IF($Q18="","",ROUND($Q18*$R$10,2)) -> 29.1 | S18: 25 | AC18: =IF(COUNT($S18:$AB18)=0,"",SUM($S18:$AB18)) -> 25 | AD18: =IF(ISERROR(IF($AC18="","",ROUND(($AC18/$AC$10)*$AD$10,2))),"",IF($AC18="","",ROUND(($AC18/$AC$10)*$AD$10,2))) -> 100 | AE18: =IF($AD18="","",ROUND($AD18*$AE$10,2)) -> 50 | AF18: 45 | AG18: =IF(ISERROR(IF($AF18="","",ROUND(($AF18/$AF$10)*$AG$10,2))),"",IF($AF18="","",ROUND(($AF18/$AF$10)*$AG$10,2))) -> 90 | AH18: =IF($AG18="","",ROUND($AG18*$AH$10,2)) -> 18 | AI18: =IF(ISERROR(IF($AF18="","",ROUND(SUM($R18,$AE18,$AH18),2))),"",IF($AF18="","",ROUND(SUM($R18,$AE18,$AH18),2))) -> 97.1 | AJ18: =IF(ISERROR(IF($AF18="","",VLOOKUP(AI18,TRANSMUTATION_TABLE,4,TRUE))),"",IF($AF18="","",VLOOKUP(AI18,TRANSMUTATION_TABLE,4,TRUE))) -> 98
A19: 8 | B19: ='INPUT DATA'!B19 -> Hernandez, Luis M. | D19: 0 | F19: 28 | G19: 45 | H19: 20 | P19: =IF(COUNT($F19:$O19)=0,"",SUM($F19:$O19)) -> 93 | Q19: =IF(ISERROR(IF($P19="","",ROUND(($P19/$P$10)*$Q$10,2))),"",IF($P19="","",ROUND(($P19/$P$10)*$Q$10,2))) -> 93 | R19: =IF($Q19="","",ROUND($Q19*$R$10,2)) -> 27.9 | S19: 21 | AC19: =IF(COUNT($S19:$AB19)=0,"",SUM($S19:$AB19)) -> 21 | AD19: =IF(ISERROR(IF($AC19="","",ROUND(($AC19/$AC$10)*$AD$10,2))),"",IF($AC19="","",ROUND(($AC19/$AC$10)*$AD$10,2))) -> 84 | AE19: =IF($AD19="","",ROUND($AD19*$AE$10,2)) -> 42 | AF19: 50 | AG19: =IF(ISERROR(IF($AF19="","",ROUND(($AF19/$AF$10)*$AG$10,2))),"",IF($AF19="","",ROUND(($AF19/$AF$10)*$AG$10,2))) -> 100 | AH19: =IF($AG19="","",ROUND($AG19*$AH$10,2)) -> 20 | AI19: =IF(ISERROR(IF($AF19="","",ROUND(SUM($R19,$AE19,$AH19),2))),"",IF($AF19="","",ROUND(SUM($R19,$AE19,$AH19),2))) -> 89.9 | AJ19: =IF(ISERROR(IF($AF19="","",VLOOKUP(AI19,TRANSMUTATION_TABLE,4,TRUE))),"",IF($AF19="","",VLOOKUP(AI19,TRANSMUTATION_TABLE,4,TRUE))) -> 93
A20: 9 | B20: ='INPUT DATA'!B20 -> Ignacio, Kevin R. | F20: 25 | G20: 40 | H20: 15 | P20: =IF(COUNT($F20:$O20)=0,"",SUM($F20:$O20)) -> 80 | Q20: =IF(ISERROR(IF($P20="","",ROUND(($P20/$P$10)*$Q$10,2))),"",IF($P20="","",ROUND(($P20/$P$10)*$Q$10,2))) -> 80 | R20: =IF($Q20="","",ROUND($Q20*$R$10,2)) -> 24 | S20: 24 | AC20: =IF(COUNT($S20:$AB20)=0,"",SUM($S20:$AB20)) -> 24 | AD20: =IF(ISERROR(IF($AC20="","",ROUND(($AC20/$AC$10)*$AD$10,2))),"",IF($AC20="","",ROUND(($AC20/$AC$10)*$AD$10,2))) -> 96 | AE20: =IF($AD20="","",ROUND($AD20*$AE$10,2)) -> 48 | AF20: 45 | AG20: =IF(ISERROR(IF($AF20="","",ROUND(($AF20/$AF$10)*$AG$10,2))),"",IF($AF20="","",ROUND(($AF20/$AF$10)*$AG$10,2))) -> 90 | AH20: =IF($AG20="","",ROUND($AG20*$AH$10,2)) -> 18 | AI20: =IF(ISERROR(IF($AF20="","",ROUND(SUM($R20,$AE20,$AH20),2))),"",IF($AF20="","",ROUND(SUM($R20,$AE20,$AH20),2))) -> 90 | AJ20: =IF(ISERROR(IF($AF20="","",VLOOKUP(AI20,TRANSMUTATION_TABLE,4,TRUE))),"",IF($AF20="","",VLOOKUP(AI20,TRANSMUTATION_TABLE,4,TRUE))) -> 93
A21: 10 | B21: ='INPUT DATA'!B21 -> Javier, Marcus D. | F21: 25 | G21: 50 | H21: 19 | P21: =IF(COUNT($F21:$O21)=0,"",SUM($F21:$O21)) -> 94 | Q21: =IF(ISERROR(IF($P21="","",ROUND(($P21/$P$10)*$Q$10,2))),"",IF($P21="","",ROUND(($P21/$P$10)*$Q$10,2))) -> 94 | R21: =IF($Q21="","",ROUND($Q21*$R$10,2)) -> 28.2 | S21: 20 | AC21: =IF(COUNT($S21:$AB21)=0,"",SUM($S21:$AB21)) -> 20 | AD21: =IF(ISERROR(IF($AC21="","",ROUND(($AC21/$AC$10)*$AD$10,2))),"",IF($AC21="","",ROUND(($AC21/$AC$10)*$AD$10,2))) -> 80 | AE21: =IF($AD21="","",ROUND($AD21*$AE$10,2)) -> 40 | AF21: 50 | AG21: =IF(ISERROR(IF($AF21="","",ROUND(($AF21/$AF$10)*$AG$10,2))),"",IF($AF21="","",ROUND(($AF21/$AF$10)*$AG$10,2))) -> 100 | AH21: =IF($AG21="","",ROUND($AG21*$AH$10,2)) -> 20 | AI21: =IF(ISERROR(IF($AF21="","",ROUND(SUM($R21,$AE21,$AH21),2))),"",IF($AF21="","",ROUND(SUM($R21,$AE21,$AH21),2))) -> 88.2 | AJ21: =IF(ISERROR(IF($AF21="","",VLOOKUP(AI21,TRANSMUTATION_TABLE,4,TRUE))),"",IF($AF21="","",VLOOKUP(AI21,TRANSMUTATION_TABLE,4,TRUE))) -> 92
A22: 11 | B22: ='INPUT DATA'!B22 -> Lim, Justin B. | D22: 0 | F22: 28 | G22: 48 | H22: 18 | P22: =IF(COUNT($F22:$O22)=0,"",SUM($F22:$O22)) -> 94 | Q22: =IF(ISERROR(IF($P22="","",ROUND(($P22/$P$10)*$Q$10,2))),"",IF($P22="","",ROUND(($P22/$P$10)*$Q$10,2))) -> 94 | R22: =IF($Q22="","",ROUND($Q22*$R$10,2)) -> 28.2 | S22: 21 | AC22: =IF(COUNT($S22:$AB22)=0,"",SUM($S22:$AB22)) -> 21 | AD22: =IF(ISERROR(IF($AC22="","",ROUND(($AC22/$AC$10)*$AD$10,2))),"",IF($AC22="","",ROUND(($AC22/$AC$10)*$AD$10,2))) -> 84 | AE22: =IF($AD22="","",ROUND($AD22*$AE$10,2)) -> 42 | AF22: 47 | AG22: =IF(ISERROR(IF($AF22="","",ROUND(($AF22/$AF$10)*$AG$10,2))),"",IF($AF22="","",ROUND(($AF22/$AF$10)*$AG$10,2))) -> 94 | AH22: =IF($AG22="","",ROUND($AG22*$AH$10,2)) -> 18.8 | AI22: =IF(ISERROR(IF($AF22="","",ROUND(SUM($R22,$AE22,$AH22),2))),"",IF($AF22="","",ROUND(SUM($R22,$AE22,$AH22),2))) -> 89 | AJ22: =IF(ISERROR(IF($AF22="","",VLOOKUP(AI22,TRANSMUTATION_TABLE,4,TRUE))),"",IF($AF22="","",VLOOKUP(AI22,TRANSMUTATION_TABLE,4,TRUE))) -> 93
A23: 12 | B23: ='INPUT DATA'!B23 -> Mercado, Nathan F. | F23: 29 | G23: 49 | H23: 15 | P23: =IF(COUNT($F23:$O23)=0,"",SUM($F23:$O23)) -> 93 | Q23: =IF(ISERROR(IF($P23="","",ROUND(($P23/$P$10)*$Q$10,2))),"",IF($P23="","",ROUND(($P23/$P$10)*$Q$10,2))) -> 93 | R23: =IF($Q23="","",ROUND($Q23*$R$10,2)) -> 27.9 | S23: 22 | AC23: =IF(COUNT($S23:$AB23)=0,"",SUM($S23:$AB23)) -> 22 | AD23: =IF(ISERROR(IF($AC23="","",ROUND(($AC23/$AC$10)*$AD$10,2))),"",IF($AC23="","",ROUND(($AC23/$AC$10)*$AD$10,2))) -> 88 | AE23: =IF($AD23="","",ROUND($AD23*$AE$10,2)) -> 44 | AF23: 45 | AG23: =IF(ISERROR(IF($AF23="","",ROUND(($AF23/$AF$10)*$AG$10,2))),"",IF($AF23="","",ROUND(($AF23/$AF$10)*$AG$10,2))) -> 90 | AH23: =IF($AG23="","",ROUND($AG23*$AH$10,2)) -> 18 | AI23: =IF(ISERROR(IF($AF23="","",ROUND(SUM($R23,$AE23,$AH23),2))),"",IF($AF23="","",ROUND(SUM($R23,$AE23,$AH23),2))) -> 89.9 | AJ23: =IF(ISERROR(IF($AF23="","",VLOOKUP(AI23,TRANSMUTATION_TABLE,4,TRUE))),"",IF($AF23="","",VLOOKUP(AI23,TRANSMUTATION_TABLE,4,TRUE))) -> 93
A24: 13 | B24: ='INPUT DATA'!B24 -> Naval, Patrick S. | F24: 26 | G24: 50 | H24: 19 | P24: =IF(COUNT($F24:$O24)=0,"",SUM($F24:$O24)) -> 95 | Q24: =IF(ISERROR(IF($P24="","",ROUND(($P24/$P$10)*$Q$10,2))),"",IF($P24="","",ROUND(($P24/$P$10)*$Q$10,2))) -> 95 | R24: =IF($Q24="","",ROUND($Q24*$R$10,2)) -> 28.5 | S24: 20 | AC24: =IF(COUNT($S24:$AB24)=0,"",SUM($S24:$AB24)) -> 20 | AD24: =IF(ISERROR(IF($AC24="","",ROUND(($AC24/$AC$10)*$AD$10,2))),"",IF($AC24="","",ROUND(($AC24/$AC$10)*$AD$10,2))) -> 80 | AE24: =IF($AD24="","",ROUND($AD24*$AE$10,2)) -> 40 | AF24: 49 | AG24: =IF(ISERROR(IF($AF24="","",ROUND(($AF24/$AF$10)*$AG$10,2))),"",IF($AF24="","",ROUND(($AF24/$AF$10)*$AG$10,2))) -> 98 | AH24: =IF($AG24="","",ROUND($AG24*$AH$10,2)) -> 19.6 | AI24: =IF(ISERROR(IF($AF24="","",ROUND(SUM($R24,$AE24,$AH24),2))),"",IF($AF24="","",ROUND(SUM($R24,$AE24,$AH24),2))) -> 88.1 | AJ24: =IF(ISERROR(IF($AF24="","",VLOOKUP(AI24,TRANSMUTATION_TABLE,4,TRUE))),"",IF($AF24="","",VLOOKUP(AI24,TRANSMUTATION_TABLE,4,TRUE))) -> 92
A25: 14 | B25: ='INPUT DATA'!B25 -> Ocampo, Gabriel C. | F25: 30 | G25: 40 | H25: 15 | P25: =IF(COUNT($F25:$O25)=0,"",SUM($F25:$O25)) -> 85 | Q25: =IF(ISERROR(IF($P25="","",ROUND(($P25/$P$10)*$Q$10,2))),"",IF($P25="","",ROUND(($P25/$P$10)*$Q$10,2))) -> 85 | R25: =IF($Q25="","",ROUND($Q25*$R$10,2)) -> 25.5 | S25: 25 | AC25: =IF(COUNT($S25:$AB25)=0,"",SUM($S25:$AB25)) -> 25 | AD25: =IF(ISERROR(IF($AC25="","",ROUND(($AC25/$AC$10)*$AD$10,2))),"",IF($AC25="","",ROUND(($AC25/$AC$10)*$AD$10,2))) -> 100 | AE25: =IF($AD25="","",ROUND($AD25*$AE$10,2)) -> 50 | AF25: 50 | AG25: =IF(ISERROR(IF($AF25="","",ROUND(($AF25/$AF$10)*$AG$10,2))),"",IF($AF25="","",ROUND(($AF25/$AF$10)*$AG$10,2))) -> 100 | AH25: =IF($AG25="","",ROUND($AG25*$AH$10,2)) -> 20 | AI25: =IF(ISERROR(IF($AF25="","",ROUND(SUM($R25,$AE25,$AH25),2))),"",IF($AF25="","",ROUND(SUM($R25,$AE25,$AH25),2))) -> 95.5 | AJ25: =IF(ISERROR(IF($AF25="","",VLOOKUP(AI25,TRANSMUTATION_TABLE,4,TRUE))),"",IF($AF25="","",VLOOKUP(AI25,TRANSMUTATION_TABLE,4,TRUE))) -> 97
A26: 15 | B26: ='INPUT DATA'!B26 -> Pascual, Cedric A. | F26: 27 | G26: 49 | H26: 20 | P26: =IF(COUNT($F26:$O26)=0,"",SUM($F26:$O26)) -> 96 | Q26: =IF(ISERROR(IF($P26="","",ROUND(($P26/$P$10)*$Q$10,2))),"",IF($P26="","",ROUND(($P26/$P$10)*$Q$10,2))) -> 96 | R26: =IF($Q26="","",ROUND($Q26*$R$10,2)) -> 28.8 | S26: 21 | AC26: =IF(COUNT($S26:$AB26)=0,"",SUM($S26:$AB26)) -> 21 | AD26: =IF(ISERROR(IF($AC26="","",ROUND(($AC26/$AC$10)*$AD$10,2))),"",IF($AC26="","",ROUND(($AC26/$AC$10)*$AD$10,2))) -> 84 | AE26: =IF($AD26="","",ROUND($AD26*$AE$10,2)) -> 42 | AF26: 45 | AG26: =IF(ISERROR(IF($AF26="","",ROUND(($AF26/$AF$10)*$AG$10,2))),"",IF($AF26="","",ROUND(($AF26/$AF$10)*$AG$10,2))) -> 90 | AH26: =IF($AG26="","",ROUND($AG26*$AH$10,2)) -> 18 | AI26: =IF(ISERROR(IF($AF26="","",ROUND(SUM($R26,$AE26,$AH26),2))),"",IF($AF26="","",ROUND(SUM($R26,$AE26,$AH26),2))) -> 88.8 | AJ26: =IF(ISERROR(IF($AF26="","",VLOOKUP(AI26,TRANSMUTATION_TABLE,4,TRUE))),"",IF($AF26="","",VLOOKUP(AI26,TRANSMUTATION_TABLE,4,TRUE))) -> 93
A27: 16 | B27: ='INPUT DATA'!B27 -> Quizon, Timothy E. | F27: 25 | G27: 50 | H27: 12 | P27: =IF(COUNT($F27:$O27)=0,"",SUM($F27:$O27)) -> 87 | Q27: =IF(ISERROR(IF($P27="","",ROUND(($P27/$P$10)*$Q$10,2))),"",IF($P27="","",ROUND(($P27/$P$10)*$Q$10,2))) -> 87 | R27: =IF($Q27="","",ROUND($Q27*$R$10,2)) -> 26.1 | S27: 24 | AC27: =IF(COUNT($S27:$AB27)=0,"",SUM($S27:$AB27)) -> 24 | AD27: =IF(ISERROR(IF($AC27="","",ROUND(($AC27/$AC$10)*$AD$10,2))),"",IF($AC27="","",ROUND(($AC27/$AC$10)*$AD$10,2))) -> 96 | AE27: =IF($AD27="","",ROUND($AD27*$AE$10,2)) -> 48 | AF27: 47 | AG27: =IF(ISERROR(IF($AF27="","",ROUND(($AF27/$AF$10)*$AG$10,2))),"",IF($AF27="","",ROUND(($AF27/$AF$10)*$AG$10,2))) -> 94 | AH27: =IF($AG27="","",ROUND($AG27*$AH$10,2)) -> 18.8 | AI27: =IF(ISERROR(IF($AF27="","",ROUND(SUM($R27,$AE27,$AH27),2))),"",IF($AF27="","",ROUND(SUM($R27,$AE27,$AH27),2))) -> 92.9 | AJ27: =IF(ISERROR(IF($AF27="","",VLOOKUP(AI27,TRANSMUTATION_TABLE,4,TRUE))),"",IF($AF27="","",VLOOKUP(AI27,TRANSMUTATION_TABLE,4,TRUE))) -> 95
A28: 17 | B28: ='INPUT DATA'!B28 -> Reyes, Dominic L. | F28: 29 | G28: 48 | H28: 15 | P28: =IF(COUNT($F28:$O28)=0,"",SUM($F28:$O28)) -> 92 | Q28: =IF(ISERROR(IF($P28="","",ROUND(($P28/$P$10)*$Q$10,2))),"",IF($P28="","",ROUND(($P28/$P$10)*$Q$10,2))) -> 92 | R28: =IF($Q28="","",ROUND($Q28*$R$10,2)) -> 27.6 | S28: 21 | AC28: =IF(COUNT($S28:$AB28)=0,"",SUM($S28:$AB28)) -> 21 | AD28: =IF(ISERROR(IF($AC28="","",ROUND(($AC28/$AC$10)*$AD$10,2))),"",IF($AC28="","",ROUND(($AC28/$AC$10)*$AD$10,2))) -> 84 | AE28: =IF($AD28="","",ROUND($AD28*$AE$10,2)) -> 42 | AF28: 49 | AG28: =IF(ISERROR(IF($AF28="","",ROUND(($AF28/$AF$10)*$AG$10,2))),"",IF($AF28="","",ROUND(($AF28/$AF$10)*$AG$10,2))) -> 98 | AH28: =IF($AG28="","",ROUND($AG28*$AH$10,2)) -> 19.6 | AI28: =IF(ISERROR(IF($AF28="","",ROUND(SUM($R28,$AE28,$AH28),2))),"",IF($AF28="","",ROUND(SUM($R28,$AE28,$AH28),2))) -> 89.2 | AJ28: =IF(ISERROR(IF($AF28="","",VLOOKUP(AI28,TRANSMUTATION_TABLE,4,TRUE))),"",IF($AF28="","",VLOOKUP(AI28,TRANSMUTATION_TABLE,4,TRUE))) -> 93
A29: 18 | B29: ='INPUT DATA'!B29 -> Santos, Elijah J. | F29: 27 | G29: 45 | H29: 19 | P29: =IF(COUNT($F29:$O29)=0,"",SUM($F29:$O29)) -> 91 | Q29: =IF(ISERROR(IF($P29="","",ROUND(($P29/$P$10)*$Q$10,2))),"",IF($P29="","",ROUND(($P29/$P$10)*$Q$10,2))) -> 91 | R29: =IF($Q29="","",ROUND($Q29*$R$10,2)) -> 27.3 | S29: 22 | AC29: =IF(COUNT($S29:$AB29)=0,"",SUM($S29:$AB29)) -> 22 | AD29: =IF(ISERROR(IF($AC29="","",ROUND(($AC29/$AC$10)*$AD$10,2))),"",IF($AC29="","",ROUND(($AC29/$AC$10)*$AD$10,2))) -> 88 | AE29: =IF($AD29="","",ROUND($AD29*$AE$10,2)) -> 44 | AF29: 45 | AG29: =IF(ISERROR(IF($AF29="","",ROUND(($AF29/$AF$10)*$AG$10,2))),"",IF($AF29="","",ROUND(($AF29/$AF$10)*$AG$10,2))) -> 90 | AH29: =IF($AG29="","",ROUND($AG29*$AH$10,2)) -> 18 | AI29: =IF(ISERROR(IF($AF29="","",ROUND(SUM($R29,$AE29,$AH29),2))),"",IF($AF29="","",ROUND(SUM($R29,$AE29,$AH29),2))) -> 89.3 | AJ29: =IF(ISERROR(IF($AF29="","",VLOOKUP(AI29,TRANSMUTATION_TABLE,4,TRUE))),"",IF($AF29="","",VLOOKUP(AI29,TRANSMUTATION_TABLE,4,TRUE))) -> 93
A30: 19 | B30: ='INPUT DATA'!B30 -> Torres, Benedict M. | F30: 26 | G30: 40 | H30: 18 | P30: =IF(COUNT($F30:$O30)=0,"",SUM($F30:$O30)) -> 84 | Q30: =IF(ISERROR(IF($P30="","",ROUND(($P30/$P$10)*$Q$10,2))),"",IF($P30="","",ROUND(($P30/$P$10)*$Q$10,2))) -> 84 | R30: =IF($Q30="","",ROUND($Q30*$R$10,2)) -> 25.2 | S30: 20 | AC30: =IF(COUNT($S30:$AB30)=0,"",SUM($S30:$AB30)) -> 20 | AD30: =IF(ISERROR(IF($AC30="","",ROUND(($AC30/$AC$10)*$AD$10,2))),"",IF($AC30="","",ROUND(($AC30/$AC$10)*$AD$10,2))) -> 80 | AE30: =IF($AD30="","",ROUND($AD30*$AE$10,2)) -> 40 | AF30: 47 | AG30: =IF(ISERROR(IF($AF30="","",ROUND(($AF30/$AF$10)*$AG$10,2))),"",IF($AF30="","",ROUND(($AF30/$AF$10)*$AG$10,2))) -> 94 | AH30: =IF($AG30="","",ROUND($AG30*$AH$10,2)) -> 18.8 | AI30: =IF(ISERROR(IF($AF30="","",ROUND(SUM($R30,$AE30,$AH30),2))),"",IF($AF30="","",ROUND(SUM($R30,$AE30,$AH30),2))) -> 84 | AJ30: =IF(ISERROR(IF($AF30="","",VLOOKUP(AI30,TRANSMUTATION_TABLE,4,TRUE))),"",IF($AF30="","",VLOOKUP(AI30,TRANSMUTATION_TABLE,4,TRUE))) -> 90
A31: 20 | B31: ='INPUT DATA'!B31 -> Umali, Vincent P. | F31: 30 | G31: 49 | H31: 18 | P31: =IF(COUNT($F31:$O31)=0,"",SUM($F31:$O31)) -> 97 | Q31: =IF(ISERROR(IF($P31="","",ROUND(($P31/$P$10)*$Q$10,2))),"",IF($P31="","",ROUND(($P31/$P$10)*$Q$10,2))) -> 97 | R31: =IF($Q31="","",ROUND($Q31*$R$10,2)) -> 29.1 | S31: 23 | AC31: =IF(COUNT($S31:$AB31)=0,"",SUM($S31:$AB31)) -> 23 | AD31: =IF(ISERROR(IF($AC31="","",ROUND(($AC31/$AC$10)*$AD$10,2))),"",IF($AC31="","",ROUND(($AC31/$AC$10)*$AD$10,2))) -> 92 | AE31: =IF($AD31="","",ROUND($AD31*$AE$10,2)) -> 46 | AF31: 45 | AG31: =IF(ISERROR(IF($AF31="","",ROUND(($AF31/$AF$10)*$AG$10,2))),"",IF($AF31="","",ROUND(($AF31/$AF$10)*$AG$10,2))) -> 90 | AH31: =IF($AG31="","",ROUND($AG31*$AH$10,2)) -> 18 | AI31: =IF(ISERROR(IF($AF31="","",ROUND(SUM($R31,$AE31,$AH31),2))),"",IF($AF31="","",ROUND(SUM($R31,$AE31,$AH31),2))) -> 93.1 | AJ31: =IF(ISERROR(IF($AF31="","",VLOOKUP(AI31,TRANSMUTATION_TABLE,4,TRUE))),"",IF($AF31="","",VLOOKUP(AI31,TRANSMUTATION_TABLE,4,TRUE))) -> 95
A32: 21 | B32: ='INPUT DATA'!B32 -> Valdez, Christian R. | F32: 25 | G32: 48 | H32: 19 | P32: =IF(COUNT($F32:$O32)=0,"",SUM($F32:$O32)) -> 92 | Q32: =IF(ISERROR(IF($P32="","",ROUND(($P32/$P$10)*$Q$10,2))),"",IF($P32="","",ROUND(($P32/$P$10)*$Q$10,2))) -> 92 | R32: =IF($Q32="","",ROUND($Q32*$R$10,2)) -> 27.6 | S32: 25 | AC32: =IF(COUNT($S32:$AB32)=0,"",SUM($S32:$AB32)) -> 25 | AD32: =IF(ISERROR(IF($AC32="","",ROUND(($AC32/$AC$10)*$AD$10,2))),"",IF($AC32="","",ROUND(($AC32/$AC$10)*$AD$10,2))) -> 100 | AE32: =IF($AD32="","",ROUND($AD32*$AE$10,2)) -> 50 | AF32: 49 | AG32: =IF(ISERROR(IF($AF32="","",ROUND(($AF32/$AF$10)*$AG$10,2))),"",IF($AF32="","",ROUND(($AF32/$AF$10)*$AG$10,2))) -> 98 | AH32: =IF($AG32="","",ROUND($AG32*$AH$10,2)) -> 19.6 | AI32: =IF(ISERROR(IF($AF32="","",ROUND(SUM($R32,$AE32,$AH32),2))),"",IF($AF32="","",ROUND(SUM($R32,$AE32,$AH32),2))) -> 97.2 | AJ32: =IF(ISERROR(IF($AF32="","",VLOOKUP(AI32,TRANSMUTATION_TABLE,4,TRUE))),"",IF($AF32="","",VLOOKUP(AI32,TRANSMUTATION_TABLE,4,TRUE))) -> 98
A33: 22 | B33: ='INPUT DATA'!B33 -> Yabut, Francis K. | F33: 29 | G33: 50 | H33: 20 | P33: =IF(COUNT($F33:$O33)=0,"",SUM($F33:$O33)) -> 99 | Q33: =IF(ISERROR(IF($P33="","",ROUND(($P33/$P$10)*$Q$10,2))),"",IF($P33="","",ROUND(($P33/$P$10)*$Q$10,2))) -> 99 | R33: =IF($Q33="","",ROUND($Q33*$R$10,2)) -> 29.7 | S33: 24 | AC33: =IF(COUNT($S33:$AB33)=0,"",SUM($S33:$AB33)) -> 24 | AD33: =IF(ISERROR(IF($AC33="","",ROUND(($AC33/$AC$10)*$AD$10,2))),"",IF($AC33="","",ROUND(($AC33/$AC$10)*$AD$10,2))) -> 96 | AE33: =IF($AD33="","",ROUND($AD33*$AE$10,2)) -> 48 | AF33: 47 | AG33: =IF(ISERROR(IF($AF33="","",ROUND(($AF33/$AF$10)*$AG$10,2))),"",IF($AF33="","",ROUND(($AF33/$AF$10)*$AG$10,2))) -> 94 | AH33: =IF($AG33="","",ROUND($AG33*$AH$10,2)) -> 18.8 | AI33: =IF(ISERROR(IF($AF33="","",ROUND(SUM($R33,$AE33,$AH33),2))),"",IF($AF33="","",ROUND(SUM($R33,$AE33,$AH33),2))) -> 96.5 | AJ33: =IF(ISERROR(IF($AF33="","",VLOOKUP(AI33,TRANSMUTATION_TABLE,4,TRUE))),"",IF($AF33="","",VLOOKUP(AI33,TRANSMUTATION_TABLE,4,TRUE))) -> 97
A34: 23 | B34: ='INPUT DATA'!B34 -> 0 | P34: =IF(COUNT($F34:$O34)=0,"",SUM($F34:$O34)) | Q34: =IF(ISERROR(IF($P34="","",ROUND(($P34/$P$10)*$Q$10,2))),"",IF($P34="","",ROUND(($P34/$P$10)*$Q$10,2))) | R34: =IF($Q34="","",ROUND($Q34*$R$10,2)) | AC34: =IF(COUNT($S34:$AB34)=0,"",SUM($S34:$AB34)) | AD34: =IF(ISERROR(IF($AC34="","",ROUND(($AC34/$AC$10)*$AD$10,2))),"",IF($AC34="","",ROUND(($AC34/$AC$10)*$AD$10,2))) | AE34: =IF($AD34="","",ROUND($AD34*$AE$10,2)) | AG34: =IF(ISERROR(IF($AF34="","",ROUND(($AF34/$AF$10)*$AG$10,2))),"",IF($AF34="","",ROUND(($AF34/$AF$10)*$AG$10,2))) | AH34: =IF($AG34="","",ROUND($AG34*$AH$10,2)) | AI34: =IF(ISERROR(IF($AF34="","",ROUND(SUM($R34,$AE34,$AH34),2))),"",IF($AF34="","",ROUND(SUM($R34,$AE34,$AH34),2))) | AJ34: =IF(ISERROR(IF($AF34="","",VLOOKUP(AI34,TRANSMUTATION_TABLE,4,TRUE))),"",IF($AF34="","",VLOOKUP(AI34,TRANSMUTATION_TABLE,4,TRUE)))
A35: 24 | B35: ='INPUT DATA'!B35 -> 0 | P35: =IF(COUNT($F35:$O35)=0,"",SUM($F35:$O35)) | Q35: =IF(ISERROR(IF($P35="","",ROUND(($P35/$P$10)*$Q$10,2))),"",IF($P35="","",ROUND(($P35/$P$10)*$Q$10,2))) | R35: =IF($Q35="","",ROUND($Q35*$R$10,2)) | AC35: =IF(COUNT($S35:$AB35)=0,"",SUM($S35:$AB35)) | AD35: =IF(ISERROR(IF($AC35="","",ROUND(($AC35/$AC$10)*$AD$10,2))),"",IF($AC35="","",ROUND(($AC35/$AC$10)*$AD$10,2))) | AE35: =IF($AD35="","",ROUND($AD35*$AE$10,2)) | AG35: =IF(ISERROR(IF($AF35="","",ROUND(($AF35/$AF$10)*$AG$10,2))),"",IF($AF35="","",ROUND(($AF35/$AF$10)*$AG$10,2))) | AH35: =IF($AG35="","",ROUND($AG35*$AH$10,2)) | AI35: =IF(ISERROR(IF($AF35="","",ROUND(SUM($R35,$AE35,$AH35),2))),"",IF($AF35="","",ROUND(SUM($R35,$AE35,$AH35),2))) | AJ35: =IF(ISERROR(IF($AF35="","",VLOOKUP(AI35,TRANSMUTATION_TABLE,4,TRUE))),"",IF($AF35="","",VLOOKUP(AI35,TRANSMUTATION_TABLE,4,TRUE)))
A36: 25 | B36: ='INPUT DATA'!B36 -> 0 | P36: =IF(COUNT($F36:$O36)=0,"",SUM($F36:$O36)) | Q36: =IF(ISERROR(IF($P36="","",ROUND(($P36/$P$10)*$Q$10,2))),"",IF($P36="","",ROUND(($P36/$P$10)*$Q$10,2))) | R36: =IF($Q36="","",ROUND($Q36*$R$10,2)) | AC36: =IF(COUNT($S36:$AB36)=0,"",SUM($S36:$AB36)) | AD36: =IF(ISERROR(IF($AC36="","",ROUND(($AC36/$AC$10)*$AD$10,2))),"",IF($AC36="","",ROUND(($AC36/$AC$10)*$AD$10,2))) | AE36: =IF($AD36="","",ROUND($AD36*$AE$10,2)) | AG36: =IF(ISERROR(IF($AF36="","",ROUND(($AF36/$AF$10)*$AG$10,2))),"",IF($AF36="","",ROUND(($AF36/$AF$10)*$AG$10,2))) | AH36: =IF($AG36="","",ROUND($AG36*$AH$10,2)) | AI36: =IF(ISERROR(IF($AF36="","",ROUND(SUM($R36,$AE36,$AH36),2))),"",IF($AF36="","",ROUND(SUM($R36,$AE36,$AH36),2))) | AJ36: =IF(ISERROR(IF($AF36="","",VLOOKUP(AI36,TRANSMUTATION_TABLE,4,TRUE))),"",IF($AF36="","",VLOOKUP(AI36,TRANSMUTATION_TABLE,4,TRUE)))
A37: 26 | B37: ='INPUT DATA'!B37 -> 0 | P37: =IF(COUNT($F37:$O37)=0,"",SUM($F37:$O37)) | Q37: =IF(ISERROR(IF($P37="","",ROUND(($P37/$P$10)*$Q$10,2))),"",IF($P37="","",ROUND(($P37/$P$10)*$Q$10,2))) | R37: =IF($Q37="","",ROUND($Q37*$R$10,2)) | AC37: =IF(COUNT($S37:$AB37)=0,"",SUM($S37:$AB37)) | AD37: =IF(ISERROR(IF($AC37="","",ROUND(($AC37/$AC$10)*$AD$10,2))),"",IF($AC37="","",ROUND(($AC37/$AC$10)*$AD$10,2))) | AE37: =IF($AD37="","",ROUND($AD37*$AE$10,2)) | AG37: =IF(ISERROR(IF($AF37="","",ROUND(($AF37/$AF$10)*$AG$10,2))),"",IF($AF37="","",ROUND(($AF37/$AF$10)*$AG$10,2))) | AH37: =IF($AG37="","",ROUND($AG37*$AH$10,2)) | AI37: =IF(ISERROR(IF($AF37="","",ROUND(SUM($R37,$AE37,$AH37),2))),"",IF($AF37="","",ROUND(SUM($R37,$AE37,$AH37),2))) | AJ37: =IF(ISERROR(IF($AF37="","",VLOOKUP(AI37,TRANSMUTATION_TABLE,4,TRUE))),"",IF($AF37="","",VLOOKUP(AI37,TRANSMUTATION_TABLE,4,TRUE)))
A38: 27 | B38: ='INPUT DATA'!B38 -> 0 | P38: =IF(COUNT($F38:$O38)=0,"",SUM($F38:$O38)) | Q38: =IF(ISERROR(IF($P38="","",ROUND(($P38/$P$10)*$Q$10,2))),"",IF($P38="","",ROUND(($P38/$P$10)*$Q$10,2))) | R38: =IF($Q38="","",ROUND($Q38*$R$10,2)) | AC38: =IF(COUNT($S38:$AB38)=0,"",SUM($S38:$AB38)) | AD38: =IF(ISERROR(IF($AC38="","",ROUND(($AC38/$AC$10)*$AD$10,2))),"",IF($AC38="","",ROUND(($AC38/$AC$10)*$AD$10,2))) | AE38: =IF($AD38="","",ROUND($AD38*$AE$10,2)) | AG38: =IF(ISERROR(IF($AF38="","",ROUND(($AF38/$AF$10)*$AG$10,2))),"",IF($AF38="","",ROUND(($AF38/$AF$10)*$AG$10,2))) | AH38: =IF($AG38="","",ROUND($AG38*$AH$10,2)) | AI38: =IF(ISERROR(IF($AF38="","",ROUND(SUM($R38,$AE38,$AH38),2))),"",IF($AF38="","",ROUND(SUM($R38,$AE38,$AH38),2))) | AJ38: =IF(ISERROR(IF($AF38="","",VLOOKUP(AI38,TRANSMUTATION_TABLE,4,TRUE))),"",IF($AF38="","",VLOOKUP(AI38,TRANSMUTATION_TABLE,4,TRUE)))
A39: 28 | B39: ='INPUT DATA'!B39 -> 0 | P39: =IF(COUNT($F39:$O39)=0,"",SUM($F39:$O39)) | Q39: =IF(ISERROR(IF($P39="","",ROUND(($P39/$P$10)*$Q$10,2))),"",IF($P39="","",ROUND(($P39/$P$10)*$Q$10,2))) | R39: =IF($Q39="","",ROUND($Q39*$R$10,2)) | AC39: =IF(COUNT($S39:$AB39)=0,"",SUM($S39:$AB39)) | AD39: =IF(ISERROR(IF($AC39="","",ROUND(($AC39/$AC$10)*$AD$10,2))),"",IF($AC39="","",ROUND(($AC39/$AC$10)*$AD$10,2))) | AE39: =IF($AD39="","",ROUND($AD39*$AE$10,2)) | AG39: =IF(ISERROR(IF($AF39="","",ROUND(($AF39/$AF$10)*$AG$10,2))),"",IF($AF39="","",ROUND(($AF39/$AF$10)*$AG$10,2))) | AH39: =IF($AG39="","",ROUND($AG39*$AH$10,2)) | AI39: =IF(ISERROR(IF($AF39="","",ROUND(SUM($R39,$AE39,$AH39),2))),"",IF($AF39="","",ROUND(SUM($R39,$AE39,$AH39),2))) | AJ39: =IF(ISERROR(IF($AF39="","",VLOOKUP(AI39,TRANSMUTATION_TABLE,4,TRUE))),"",IF($AF39="","",VLOOKUP(AI39,TRANSMUTATION_TABLE,4,TRUE)))
A40: 29 | B40: ='INPUT DATA'!B40 -> 0 | P40: =IF(COUNT($F40:$O40)=0,"",SUM($F40:$O40)) | Q40: =IF(ISERROR(IF($P40="","",ROUND(($P40/$P$10)*$Q$10,2))),"",IF($P40="","",ROUND(($P40/$P$10)*$Q$10,2))) | R40: =IF($Q40="","",ROUND($Q40*$R$10,2)) | AC40: =IF(COUNT($S40:$AB40)=0,"",SUM($S40:$AB40)) | AD40: =IF(ISERROR(IF($AC40="","",ROUND(($AC40/$AC$10)*$AD$10,2))),"",IF($AC40="","",ROUND(($AC40/$AC$10)*$AD$10,2))) | AE40: =IF($AD40="","",ROUND($AD40*$AE$10,2)) | AG40: =IF(ISERROR(IF($AF40="","",ROUND(($AF40/$AF$10)*$AG$10,2))),"",IF($AF40="","",ROUND(($AF40/$AF$10)*$AG$10,2))) | AH40: =IF($AG40="","",ROUND($AG40*$AH$10,2)) | AI40: =IF(ISERROR(IF($AF40="","",ROUND(SUM($R40,$AE40,$AH40),2))),"",IF($AF40="","",ROUND(SUM($R40,$AE40,$AH40),2))) | AJ40: =IF(ISERROR(IF($AF40="","",VLOOKUP(AI40,TRANSMUTATION_TABLE,4,TRUE))),"",IF($AF40="","",VLOOKUP(AI40,TRANSMUTATION_TABLE,4,TRUE)))
A41: 30 | B41: ='INPUT DATA'!B41 -> 0 | P41: =IF(COUNT($F41:$O41)=0,"",SUM($F41:$O41)) | Q41: =IF(ISERROR(IF($P41="","",ROUND(($P41/$P$10)*$Q$10,2))),"",IF($P41="","",ROUND(($P41/$P$10)*$Q$10,2))) | R41: =IF($Q41="","",ROUND($Q41*$R$10,2)) | AC41: =IF(COUNT($S41:$AB41)=0,"",SUM($S41:$AB41)) | AD41: =IF(ISERROR(IF($AC41="","",ROUND(($AC41/$AC$10)*$AD$10,2))),"",IF($AC41="","",ROUND(($AC41/$AC$10)*$AD$10,2))) | AE41: =IF($AD41="","",ROUND($AD41*$AE$10,2)) | AG41: =IF(ISERROR(IF($AF41="","",ROUND(($AF41/$AF$10)*$AG$10,2))),"",IF($AF41="","",ROUND(($AF41/$AF$10)*$AG$10,2))) | AH41: =IF($AG41="","",ROUND($AG41*$AH$10,2)) | AI41: =IF(ISERROR(IF($AF41="","",ROUND(SUM($R41,$AE41,$AH41),2))),"",IF($AF41="","",ROUND(SUM($R41,$AE41,$AH41),2))) | AJ41: =IF(ISERROR(IF($AF41="","",VLOOKUP(AI41,TRANSMUTATION_TABLE,4,TRUE))),"",IF($AF41="","",VLOOKUP(AI41,TRANSMUTATION_TABLE,4,TRUE)))
A42: 31 | B42: ='INPUT DATA'!B42 -> 0 | P42: =IF(COUNT($F42:$O42)=0,"",SUM($F42:$O42)) | Q42: =IF(ISERROR(IF($P42="","",ROUND(($P42/$P$10)*$Q$10,2))),"",IF($P42="","",ROUND(($P42/$P$10)*$Q$10,2))) | R42: =IF($Q42="","",ROUND($Q42*$R$10,2)) | AC42: =IF(COUNT($S42:$AB42)=0,"",SUM($S42:$AB42)) | AD42: =IF(ISERROR(IF($AC42="","",ROUND(($AC42/$AC$10)*$AD$10,2))),"",IF($AC42="","",ROUND(($AC42/$AC$10)*$AD$10,2))) | AE42: =IF($AD42="","",ROUND($AD42*$AE$10,2)) | AG42: =IF(ISERROR(IF($AF42="","",ROUND(($AF42/$AF$10)*$AG$10,2))),"",IF($AF42="","",ROUND(($AF42/$AF$10)*$AG$10,2))) | AH42: =IF($AG42="","",ROUND($AG42*$AH$10,2)) | AI42: =IF(ISERROR(IF($AF42="","",ROUND(SUM($R42,$AE42,$AH42),2))),"",IF($AF42="","",ROUND(SUM($R42,$AE42,$AH42),2))) | AJ42: =IF(ISERROR(IF($AF42="","",VLOOKUP(AI42,TRANSMUTATION_TABLE,4,TRUE))),"",IF($AF42="","",VLOOKUP(AI42,TRANSMUTATION_TABLE,4,TRUE)))
A43: 32 | B43: ='INPUT DATA'!B43 -> 0 | P43: =IF(COUNT($F43:$O43)=0,"",SUM($F43:$O43)) | Q43: =IF(ISERROR(IF($P43="","",ROUND(($P43/$P$10)*$Q$10,2))),"",IF($P43="","",ROUND(($P43/$P$10)*$Q$10,2))) | R43: =IF($Q43="","",ROUND($Q43*$R$10,2)) | AC43: =IF(COUNT($S43:$AB43)=0,"",SUM($S43:$AB43)) | AD43: =IF(ISERROR(IF($AC43="","",ROUND(($AC43/$AC$10)*$AD$10,2))),"",IF($AC43="","",ROUND(($AC43/$AC$10)*$AD$10,2))) | AE43: =IF($AD43="","",ROUND($AD43*$AE$10,2)) | AG43: =IF(ISERROR(IF($AF43="","",ROUND(($AF43/$AF$10)*$AG$10,2))),"",IF($AF43="","",ROUND(($AF43/$AF$10)*$AG$10,2))) | AH43: =IF($AG43="","",ROUND($AG43*$AH$10,2)) | AI43: =IF(ISERROR(IF($AF43="","",ROUND(SUM($R43,$AE43,$AH43),2))),"",IF($AF43="","",ROUND(SUM($R43,$AE43,$AH43),2))) | AJ43: =IF(ISERROR(IF($AF43="","",VLOOKUP(AI43,TRANSMUTATION_TABLE,4,TRUE))),"",IF($AF43="","",VLOOKUP(AI43,TRANSMUTATION_TABLE,4,TRUE)))
A44: 33 | B44: ='INPUT DATA'!B44 -> 0 | P44: =IF(COUNT($F44:$O44)=0,"",SUM($F44:$O44)) | Q44: =IF(ISERROR(IF($P44="","",ROUND(($P44/$P$10)*$Q$10,2))),"",IF($P44="","",ROUND(($P44/$P$10)*$Q$10,2))) | R44: =IF($Q44="","",ROUND($Q44*$R$10,2)) | AC44: =IF(COUNT($S44:$AB44)=0,"",SUM($S44:$AB44)) | AD44: =IF(ISERROR(IF($AC44="","",ROUND(($AC44/$AC$10)*$AD$10,2))),"",IF($AC44="","",ROUND(($AC44/$AC$10)*$AD$10,2))) | AE44: =IF($AD44="","",ROUND($AD44*$AE$10,2)) | AG44: =IF(ISERROR(IF($AF44="","",ROUND(($AF44/$AF$10)*$AG$10,2))),"",IF($AF44="","",ROUND(($AF44/$AF$10)*$AG$10,2))) | AH44: =IF($AG44="","",ROUND($AG44*$AH$10,2)) | AI44: =IF(ISERROR(IF($AF44="","",ROUND(SUM($R44,$AE44,$AH44),2))),"",IF($AF44="","",ROUND(SUM($R44,$AE44,$AH44),2))) | AJ44: =IF(ISERROR(IF($AF44="","",VLOOKUP(AI44,TRANSMUTATION_TABLE,4,TRUE))),"",IF($AF44="","",VLOOKUP(AI44,TRANSMUTATION_TABLE,4,TRUE)))
A45: 34 | B45: ='INPUT DATA'!B45 -> 0 | P45: =IF(COUNT($F45:$O45)=0,"",SUM($F45:$O45)) | Q45: =IF(ISERROR(IF($P45="","",ROUND(($P45/$P$10)*$Q$10,2))),"",IF($P45="","",ROUND(($P45/$P$10)*$Q$10,2))) | R45: =IF($Q45="","",ROUND($Q45*$R$10,2)) | AC45: =IF(COUNT($S45:$AB45)=0,"",SUM($S45:$AB45)) | AD45: =IF(ISERROR(IF($AC45="","",ROUND(($AC45/$AC$10)*$AD$10,2))),"",IF($AC45="","",ROUND(($AC45/$AC$10)*$AD$10,2))) | AE45: =IF($AD45="","",ROUND($AD45*$AE$10,2)) | AG45: =IF(ISERROR(IF($AF45="","",ROUND(($AF45/$AF$10)*$AG$10,2))),"",IF($AF45="","",ROUND(($AF45/$AF$10)*$AG$10,2))) | AH45: =IF($AG45="","",ROUND($AG45*$AH$10,2)) | AI45: =IF(ISERROR(IF($AF45="","",ROUND(SUM($R45,$AE45,$AH45),2))),"",IF($AF45="","",ROUND(SUM($R45,$AE45,$AH45),2))) | AJ45: =IF(ISERROR(IF($AF45="","",VLOOKUP(AI45,TRANSMUTATION_TABLE,4,TRUE))),"",IF($AF45="","",VLOOKUP(AI45,TRANSMUTATION_TABLE,4,TRUE)))
... A61: 50 | B61: ='INPUT DATA'!B61 -> 0 | P61: =IF(COUNT($F61:$O61)=0,"",SUM($F61:$O61)) | Q61: =IF(ISERROR(IF($P61="","",ROUND(($P61/$P$10)*$Q$10,2))),"",IF($P61="","",ROUND(($P61/$P$10)*$Q$10,2))) | R61: =IF($Q61="","",ROUND($Q61*$R$10,2)) | AC61: =IF(COUNT($S61:$AB61)=0,"",SUM($S61:$AB61)) | AD61: =IF(ISERROR(IF($AC61="","",ROUND(($AC61/$AC$10)*$AD$10,2))),"",IF($AC61="","",ROUND(($AC61/$AC$10)*$AD$10,2))) | AE61: =IF($AD61="","",ROUND($AD61*$AE$10,2)) | AG61: =IF(ISERROR(IF($AF61="","",ROUND(($AF61/$AF$10)*$AG$10,2))),"",IF($AF61="","",ROUND(($AF61/$AF$10)*$AG$10,2))) | AH61: =IF($AG61="","",ROUND($AG61*$AH$10,2)) | AI61: =IF(ISERROR(IF($AF61="","",ROUND(SUM($R61,$AE61,$AH61),2))),"",IF($AF61="","",ROUND(SUM($R61,$AE61,$AH61),2))) | AJ61: =IF(ISERROR(IF($AF61="","",VLOOKUP(AI61,TRANSMUTATION_TABLE,4,TRUE))),"",IF($AF61="","",VLOOKUP(AI61,TRANSMUTATION_TABLE,4,TRUE)))
B62: FEMALE
A63: 1 | B63: ='INPUT DATA'!B63 -> Tokoyami, Towa H. | F63: 29 | G63: 49 | H63: 18 | P63: =IF(COUNT($F63:$O63)=0,"",SUM($F63:$O63)) -> 96 | Q63: =IF(ISERROR(IF($P63="","",ROUND(($P63/$P$10)*$Q$10,2))),"",IF($P63="","",ROUND(($P63/$P$10)*$Q$10,2))) -> 96 | R63: =IF($Q63="","",ROUND($Q63*$R$10,2)) -> 28.8 | S63: 22 | AC63: =IF(COUNT($S63:$AB63)=0,"",SUM($S63:$AB63)) -> 22 | AD63: =IF(ISERROR(IF($AC63="","",ROUND(($AC63/$AC$10)*$AD$10,2))),"",IF($AC63="","",ROUND(($AC63/$AC$10)*$AD$10,2))) -> 88 | AE63: =IF($AD63="","",ROUND($AD63*$AE$10,2)) -> 44 | AF63: 50 | AG63: =IF(ISERROR(IF($AF63="","",ROUND(($AF63/$AF$10)*$AG$10,2))),"",IF($AF63="","",ROUND(($AF63/$AF$10)*$AG$10,2))) -> 100 | AH63: =IF($AG63="","",ROUND($AG63*$AH$10,2)) -> 20 | AI63: =IF(ISERROR(IF($AF63="","",ROUND(SUM($R63,$AE63,$AH63),2))),"",IF($AF63="","",ROUND(SUM($R63,$AE63,$AH63),2))) -> 92.8 | AJ63: =IF(ISERROR(IF($AF63="","",VLOOKUP(AI63,TRANSMUTATION_TABLE,4,TRUE))),"",IF($AF63="","",VLOOKUP(AI63,TRANSMUTATION_TABLE,4,TRUE))) -> 95
A64: 2 | B64: ='INPUT DATA'!B64 -> Piatos, Mary Grace O. | F64: 24 | G64: 40 | H64: 20 | P64: =IF(COUNT($F64:$O64)=0,"",SUM($F64:$O64)) -> 84 | Q64: =IF(ISERROR(IF($P64="","",ROUND(($P64/$P$10)*$Q$10,2))),"",IF($P64="","",ROUND(($P64/$P$10)*$Q$10,2))) -> 84 | R64: =IF($Q64="","",ROUND($Q64*$R$10,2)) -> 25.2 | S64: 25 | AC64: =IF(COUNT($S64:$AB64)=0,"",SUM($S64:$AB64)) -> 25 | AD64: =IF(ISERROR(IF($AC64="","",ROUND(($AC64/$AC$10)*$AD$10,2))),"",IF($AC64="","",ROUND(($AC64/$AC$10)*$AD$10,2))) -> 100 | AE64: =IF($AD64="","",ROUND($AD64*$AE$10,2)) -> 50 | AF64: 49 | AG64: =IF(ISERROR(IF($AF64="","",ROUND(($AF64/$AF$10)*$AG$10,2))),"",IF($AF64="","",ROUND(($AF64/$AF$10)*$AG$10,2))) -> 98 | AH64: =IF($AG64="","",ROUND($AG64*$AH$10,2)) -> 19.6 | AI64: =IF(ISERROR(IF($AF64="","",ROUND(SUM($R64,$AE64,$AH64),2))),"",IF($AF64="","",ROUND(SUM($R64,$AE64,$AH64),2))) -> 94.8 | AJ64: =IF(ISERROR(IF($AF64="","",VLOOKUP(AI64,TRANSMUTATION_TABLE,4,TRUE))),"",IF($AF64="","",VLOOKUP(AI64,TRANSMUTATION_TABLE,4,TRUE))) -> 96
A65: 3 | B65: ='INPUT DATA'!B65 -> Bautista, Elena M. | F65: 26 | G65: 48 | H65: 15 | P65: =IF(COUNT($F65:$O65)=0,"",SUM($F65:$O65)) -> 89 | Q65: =IF(ISERROR(IF($P65="","",ROUND(($P65/$P$10)*$Q$10,2))),"",IF($P65="","",ROUND(($P65/$P$10)*$Q$10,2))) -> 89 | R65: =IF($Q65="","",ROUND($Q65*$R$10,2)) -> 26.7 | S65: 24 | AC65: =IF(COUNT($S65:$AB65)=0,"",SUM($S65:$AB65)) -> 24 | AD65: =IF(ISERROR(IF($AC65="","",ROUND(($AC65/$AC$10)*$AD$10,2))),"",IF($AC65="","",ROUND(($AC65/$AC$10)*$AD$10,2))) -> 96 | AE65: =IF($AD65="","",ROUND($AD65*$AE$10,2)) -> 48 | AF65: 45 | AG65: =IF(ISERROR(IF($AF65="","",ROUND(($AF65/$AF$10)*$AG$10,2))),"",IF($AF65="","",ROUND(($AF65/$AF$10)*$AG$10,2))) -> 90 | AH65: =IF($AG65="","",ROUND($AG65*$AH$10,2)) -> 18 | AI65: =IF(ISERROR(IF($AF65="","",ROUND(SUM($R65,$AE65,$AH65),2))),"",IF($AF65="","",ROUND(SUM($R65,$AE65,$AH65),2))) -> 92.7 | AJ65: =IF(ISERROR(IF($AF65="","",VLOOKUP(AI65,TRANSMUTATION_TABLE,4,TRUE))),"",IF($AF65="","",VLOOKUP(AI65,TRANSMUTATION_TABLE,4,TRUE))) -> 95
A66: 4 | B66: ='INPUT DATA'!B66 -> Castillo, Isabella D. | F66: 28 | G66: 49 | H66: 18 | P66: =IF(COUNT($F66:$O66)=0,"",SUM($F66:$O66)) -> 95 | Q66: =IF(ISERROR(IF($P66="","",ROUND(($P66/$P$10)*$Q$10,2))),"",IF($P66="","",ROUND(($P66/$P$10)*$Q$10,2))) -> 95 | R66: =IF($Q66="","",ROUND($Q66*$R$10,2)) -> 28.5 | S66: 20 | AC66: =IF(COUNT($S66:$AB66)=0,"",SUM($S66:$AB66)) -> 20 | AD66: =IF(ISERROR(IF($AC66="","",ROUND(($AC66/$AC$10)*$AD$10,2))),"",IF($AC66="","",ROUND(($AC66/$AC$10)*$AD$10,2))) -> 80 | AE66: =IF($AD66="","",ROUND($AD66*$AE$10,2)) -> 40 | AF66: 47 | AG66: =IF(ISERROR(IF($AF66="","",ROUND(($AF66/$AF$10)*$AG$10,2))),"",IF($AF66="","",ROUND(($AF66/$AF$10)*$AG$10,2))) -> 94 | AH66: =IF($AG66="","",ROUND($AG66*$AH$10,2)) -> 18.8 | AI66: =IF(ISERROR(IF($AF66="","",ROUND(SUM($R66,$AE66,$AH66),2))),"",IF($AF66="","",ROUND(SUM($R66,$AE66,$AH66),2))) -> 87.3 | AJ66: =IF(ISERROR(IF($AF66="","",VLOOKUP(AI66,TRANSMUTATION_TABLE,4,TRUE))),"",IF($AF66="","",VLOOKUP(AI66,TRANSMUTATION_TABLE,4,TRUE))) -> 92
A67: 5 | B67: ='INPUT DATA'!B67 -> Domingo, Chloe A. | F67: 28 | G67: 40 | H67: 18 | P67: =IF(COUNT($F67:$O67)=0,"",SUM($F67:$O67)) -> 86 | Q67: =IF(ISERROR(IF($P67="","",ROUND(($P67/$P$10)*$Q$10,2))),"",IF($P67="","",ROUND(($P67/$P$10)*$Q$10,2))) -> 86 | R67: =IF($Q67="","",ROUND($Q67*$R$10,2)) -> 25.8 | S67: 22 | AC67: =IF(COUNT($S67:$AB67)=0,"",SUM($S67:$AB67)) -> 22 | AD67: =IF(ISERROR(IF($AC67="","",ROUND(($AC67/$AC$10)*$AD$10,2))),"",IF($AC67="","",ROUND(($AC67/$AC$10)*$AD$10,2))) -> 88 | AE67: =IF($AD67="","",ROUND($AD67*$AE$10,2)) -> 44 | AF67: 49 | AG67: =IF(ISERROR(IF($AF67="","",ROUND(($AF67/$AF$10)*$AG$10,2))),"",IF($AF67="","",ROUND(($AF67/$AF$10)*$AG$10,2))) -> 98 | AH67: =IF($AG67="","",ROUND($AG67*$AH$10,2)) -> 19.6 | AI67: =IF(ISERROR(IF($AF67="","",ROUND(SUM($R67,$AE67,$AH67),2))),"",IF($AF67="","",ROUND(SUM($R67,$AE67,$AH67),2))) -> 89.4 | AJ67: =IF(ISERROR(IF($AF67="","",VLOOKUP(AI67,TRANSMUTATION_TABLE,4,TRUE))),"",IF($AF67="","",VLOOKUP(AI67,TRANSMUTATION_TABLE,4,TRUE))) -> 93
A68: 6 | B68: ='INPUT DATA'!B68 -> Evangelista, Mia K. | F68: 29 | G68: 45 | H68: 15 | P68: =IF(COUNT($F68:$O68)=0,"",SUM($F68:$O68)) -> 89 | Q68: =IF(ISERROR(IF($P68="","",ROUND(($P68/$P$10)*$Q$10,2))),"",IF($P68="","",ROUND(($P68/$P$10)*$Q$10,2))) -> 89 | R68: =IF($Q68="","",ROUND($Q68*$R$10,2)) -> 26.7 | S68: 22 | AC68: =IF(COUNT($S68:$AB68)=0,"",SUM($S68:$AB68)) -> 22 | AD68: =IF(ISERROR(IF($AC68="","",ROUND(($AC68/$AC$10)*$AD$10,2))),"",IF($AC68="","",ROUND(($AC68/$AC$10)*$AD$10,2))) -> 88 | AE68: =IF($AD68="","",ROUND($AD68*$AE$10,2)) -> 44 | AF68: 50 | AG68: =IF(ISERROR(IF($AF68="","",ROUND(($AF68/$AF$10)*$AG$10,2))),"",IF($AF68="","",ROUND(($AF68/$AF$10)*$AG$10,2))) -> 100 | AH68: =IF($AG68="","",ROUND($AG68*$AH$10,2)) -> 20 | AI68: =IF(ISERROR(IF($AF68="","",ROUND(SUM($R68,$AE68,$AH68),2))),"",IF($AF68="","",ROUND(SUM($R68,$AE68,$AH68),2))) -> 90.7 | AJ68: =IF(ISERROR(IF($AF68="","",VLOOKUP(AI68,TRANSMUTATION_TABLE,4,TRUE))),"",IF($AF68="","",VLOOKUP(AI68,TRANSMUTATION_TABLE,4,TRUE))) -> 94
A69: 7 | B69: ='INPUT DATA'!B69 -> Ferrer, Jasmine P. | F69: 24 | G69: 40 | H69: 18 | P69: =IF(COUNT($F69:$O69)=0,"",SUM($F69:$O69)) -> 82 | Q69: =IF(ISERROR(IF($P69="","",ROUND(($P69/$P$10)*$Q$10,2))),"",IF($P69="","",ROUND(($P69/$P$10)*$Q$10,2))) -> 82 | R69: =IF($Q69="","",ROUND($Q69*$R$10,2)) -> 24.6 | S69: 24 | AC69: =IF(COUNT($S69:$AB69)=0,"",SUM($S69:$AB69)) -> 24 | AD69: =IF(ISERROR(IF($AC69="","",ROUND(($AC69/$AC$10)*$AD$10,2))),"",IF($AC69="","",ROUND(($AC69/$AC$10)*$AD$10,2))) -> 96 | AE69: =IF($AD69="","",ROUND($AD69*$AE$10,2)) -> 48 | AF69: 45 | AG69: =IF(ISERROR(IF($AF69="","",ROUND(($AF69/$AF$10)*$AG$10,2))),"",IF($AF69="","",ROUND(($AF69/$AF$10)*$AG$10,2))) -> 90 | AH69: =IF($AG69="","",ROUND($AG69*$AH$10,2)) -> 18 | AI69: =IF(ISERROR(IF($AF69="","",ROUND(SUM($R69,$AE69,$AH69),2))),"",IF($AF69="","",ROUND(SUM($R69,$AE69,$AH69),2))) -> 90.6 | AJ69: =IF(ISERROR(IF($AF69="","",VLOOKUP(AI69,TRANSMUTATION_TABLE,4,TRUE))),"",IF($AF69="","",VLOOKUP(AI69,TRANSMUTATION_TABLE,4,TRUE))) -> 94
A70: 8 | B70: ='INPUT DATA'!B70 -> Gonzales, Beatrice F. | F70: 26 | G70: 50 | H70: 18 | P70: =IF(COUNT($F70:$O70)=0,"",SUM($F70:$O70)) -> 94 | Q70: =IF(ISERROR(IF($P70="","",ROUND(($P70/$P$10)*$Q$10,2))),"",IF($P70="","",ROUND(($P70/$P$10)*$Q$10,2))) -> 94 | R70: =IF($Q70="","",ROUND($Q70*$R$10,2)) -> 28.2 | S70: 25 | AC70: =IF(COUNT($S70:$AB70)=0,"",SUM($S70:$AB70)) -> 25 | AD70: =IF(ISERROR(IF($AC70="","",ROUND(($AC70/$AC$10)*$AD$10,2))),"",IF($AC70="","",ROUND(($AC70/$AC$10)*$AD$10,2))) -> 100 | AE70: =IF($AD70="","",ROUND($AD70*$AE$10,2)) -> 50 | AF70: 49 | AG70: =IF(ISERROR(IF($AF70="","",ROUND(($AF70/$AF$10)*$AG$10,2))),"",IF($AF70="","",ROUND(($AF70/$AF$10)*$AG$10,2))) -> 98 | AH70: =IF($AG70="","",ROUND($AG70*$AH$10,2)) -> 19.6 | AI70: =IF(ISERROR(IF($AF70="","",ROUND(SUM($R70,$AE70,$AH70),2))),"",IF($AF70="","",ROUND(SUM($R70,$AE70,$AH70),2))) -> 97.8 | AJ70: =IF(ISERROR(IF($AF70="","",VLOOKUP(AI70,TRANSMUTATION_TABLE,4,TRUE))),"",IF($AF70="","",VLOOKUP(AI70,TRANSMUTATION_TABLE,4,TRUE))) -> 98
A71: 9 | B71: ='INPUT DATA'!B71 -> Herrera, Naomi G. | F71: 28 | G71: 48 | H71: 20 | P71: =IF(COUNT($F71:$O71)=0,"",SUM($F71:$O71)) -> 96 | Q71: =IF(ISERROR(IF($P71="","",ROUND(($P71/$P$10)*$Q$10,2))),"",IF($P71="","",ROUND(($P71/$P$10)*$Q$10,2))) -> 96 | R71: =IF($Q71="","",ROUND($Q71*$R$10,2)) -> 28.8 | S71: 22 | AC71: =IF(COUNT($S71:$AB71)=0,"",SUM($S71:$AB71)) -> 22 | AD71: =IF(ISERROR(IF($AC71="","",ROUND(($AC71/$AC$10)*$AD$10,2))),"",IF($AC71="","",ROUND(($AC71/$AC$10)*$AD$10,2))) -> 88 | AE71: =IF($AD71="","",ROUND($AD71*$AE$10,2)) -> 44 | AF71: 49 | AG71: =IF(ISERROR(IF($AF71="","",ROUND(($AF71/$AF$10)*$AG$10,2))),"",IF($AF71="","",ROUND(($AF71/$AF$10)*$AG$10,2))) -> 98 | AH71: =IF($AG71="","",ROUND($AG71*$AH$10,2)) -> 19.6 | AI71: =IF(ISERROR(IF($AF71="","",ROUND(SUM($R71,$AE71,$AH71),2))),"",IF($AF71="","",ROUND(SUM($R71,$AE71,$AH71),2))) -> 92.4 | AJ71: =IF(ISERROR(IF($AF71="","",VLOOKUP(AI71,TRANSMUTATION_TABLE,4,TRUE))),"",IF($AF71="","",VLOOKUP(AI71,TRANSMUTATION_TABLE,4,TRUE))) -> 95
A72: 10 | B72: ='INPUT DATA'!B72 -> Ibarra, Penelope C. | F72: 25 | G72: 49 | H72: 18 | P72: =IF(COUNT($F72:$O72)=0,"",SUM($F72:$O72)) -> 92 | Q72: =IF(ISERROR(IF($P72="","",ROUND(($P72/$P$10)*$Q$10,2))),"",IF($P72="","",ROUND(($P72/$P$10)*$Q$10,2))) -> 92 | R72: =IF($Q72="","",ROUND($Q72*$R$10,2)) -> 27.6 | S72: 20 | AC72: =IF(COUNT($S72:$AB72)=0,"",SUM($S72:$AB72)) -> 20 | AD72: =IF(ISERROR(IF($AC72="","",ROUND(($AC72/$AC$10)*$AD$10,2))),"",IF($AC72="","",ROUND(($AC72/$AC$10)*$AD$10,2))) -> 80 | AE72: =IF($AD72="","",ROUND($AD72*$AE$10,2)) -> 40 | AF72: 50 | AG72: =IF(ISERROR(IF($AF72="","",ROUND(($AF72/$AF$10)*$AG$10,2))),"",IF($AF72="","",ROUND(($AF72/$AF$10)*$AG$10,2))) -> 100 | AH72: =IF($AG72="","",ROUND($AG72*$AH$10,2)) -> 20 | AI72: =IF(ISERROR(IF($AF72="","",ROUND(SUM($R72,$AE72,$AH72),2))),"",IF($AF72="","",ROUND(SUM($R72,$AE72,$AH72),2))) -> 87.6 | AJ72: =IF(ISERROR(IF($AF72="","",VLOOKUP(AI72,TRANSMUTATION_TABLE,4,TRUE))),"",IF($AF72="","",VLOOKUP(AI72,TRANSMUTATION_TABLE,4,TRUE))) -> 92
A73: 11 | B73: ='INPUT DATA'!B73 -> Jimenez, Clara S. | F73: 29 | G73: 40 | H73: 15 | P73: =IF(COUNT($F73:$O73)=0,"",SUM($F73:$O73)) -> 84 | Q73: =IF(ISERROR(IF($P73="","",ROUND(($P73/$P$10)*$Q$10,2))),"",IF($P73="","",ROUND(($P73/$P$10)*$Q$10,2))) -> 84 | R73: =IF($Q73="","",ROUND($Q73*$R$10,2)) -> 25.2 | S73: 24 | AC73: =IF(COUNT($S73:$AB73)=0,"",SUM($S73:$AB73)) -> 24 | AD73: =IF(ISERROR(IF($AC73="","",ROUND(($AC73/$AC$10)*$AD$10,2))),"",IF($AC73="","",ROUND(($AC73/$AC$10)*$AD$10,2))) -> 96 | AE73: =IF($AD73="","",ROUND($AD73*$AE$10,2)) -> 48 | AF73: 49 | AG73: =IF(ISERROR(IF($AF73="","",ROUND(($AF73/$AF$10)*$AG$10,2))),"",IF($AF73="","",ROUND(($AF73/$AF$10)*$AG$10,2))) -> 98 | AH73: =IF($AG73="","",ROUND($AG73*$AH$10,2)) -> 19.6 | AI73: =IF(ISERROR(IF($AF73="","",ROUND(SUM($R73,$AE73,$AH73),2))),"",IF($AF73="","",ROUND(SUM($R73,$AE73,$AH73),2))) -> 92.8 | AJ73: =IF(ISERROR(IF($AF73="","",VLOOKUP(AI73,TRANSMUTATION_TABLE,4,TRUE))),"",IF($AF73="","",VLOOKUP(AI73,TRANSMUTATION_TABLE,4,TRUE))) -> 95
A74: 12 | B74: ='INPUT DATA'!B74 -> Lagman, Aurora V. | F74: 28 | G74: 50 | H74: 18 | P74: =IF(COUNT($F74:$O74)=0,"",SUM($F74:$O74)) -> 96 | Q74: =IF(ISERROR(IF($P74="","",ROUND(($P74/$P$10)*$Q$10,2))),"",IF($P74="","",ROUND(($P74/$P$10)*$Q$10,2))) -> 96 | R74: =IF($Q74="","",ROUND($Q74*$R$10,2)) -> 28.8 | S74: 22 | AC74: =IF(COUNT($S74:$AB74)=0,"",SUM($S74:$AB74)) -> 22 | AD74: =IF(ISERROR(IF($AC74="","",ROUND(($AC74/$AC$10)*$AD$10,2))),"",IF($AC74="","",ROUND(($AC74/$AC$10)*$AD$10,2))) -> 88 | AE74: =IF($AD74="","",ROUND($AD74*$AE$10,2)) -> 44 | AF74: 45 | AG74: =IF(ISERROR(IF($AF74="","",ROUND(($AF74/$AF$10)*$AG$10,2))),"",IF($AF74="","",ROUND(($AF74/$AF$10)*$AG$10,2))) -> 90 | AH74: =IF($AG74="","",ROUND($AG74*$AH$10,2)) -> 18 | AI74: =IF(ISERROR(IF($AF74="","",ROUND(SUM($R74,$AE74,$AH74),2))),"",IF($AF74="","",ROUND(SUM($R74,$AE74,$AH74),2))) -> 90.8 | AJ74: =IF(ISERROR(IF($AF74="","",VLOOKUP(AI74,TRANSMUTATION_TABLE,4,TRUE))),"",IF($AF74="","",VLOOKUP(AI74,TRANSMUTATION_TABLE,4,TRUE))) -> 94
... A86: 24 | B86: ='INPUT DATA'!B86 -> Zamora, Felicity P. | F86: 29 | G86: 40 | H86: 20 | P86: =IF(COUNT($F86:$O86)=0,"",SUM($F86:$O86)) -> 89 | Q86: =IF(ISERROR(IF($P86="","",ROUND(($P86/$P$10)*$Q$10,2))),"",IF($P86="","",ROUND(($P86/$P$10)*$Q$10,2))) -> 89 | R86: =IF($Q86="","",ROUND($Q86*$R$10,2)) -> 26.7 | S86: 20 | AC86: =IF(COUNT($S86:$AB86)=0,"",SUM($S86:$AB86)) -> 20 | AD86: =IF(ISERROR(IF($AC86="","",ROUND(($AC86/$AC$10)*$AD$10,2))),"",IF($AC86="","",ROUND(($AC86/$AC$10)*$AD$10,2))) -> 80 | AE86: =IF($AD86="","",ROUND($AD86*$AE$10,2)) -> 40 | AF86: 50 | AG86: =IF(ISERROR(IF($AF86="","",ROUND(($AF86/$AF$10)*$AG$10,2))),"",IF($AF86="","",ROUND(($AF86/$AF$10)*$AG$10,2))) -> 100 | AH86: =IF($AG86="","",ROUND($AG86*$AH$10,2)) -> 20 | AI86: =IF(ISERROR(IF($AF86="","",ROUND(SUM($R86,$AE86,$AH86),2))),"",IF($AF86="","",ROUND(SUM($R86,$AE86,$AH86),2))) -> 86.7 | AJ86: =IF(ISERROR(IF($AF86="","",VLOOKUP(AI86,TRANSMUTATION_TABLE,4,TRUE))),"",IF($AF86="","",VLOOKUP(AI86,TRANSMUTATION_TABLE,4,TRUE))) -> 91
A87: 25 | B87: ='INPUT DATA'!B87 -> 0 | P87: =IF(COUNT($F87:$O87)=0,"",SUM($F87:$O87)) | Q87: =IF(ISERROR(IF($P87="","",ROUND(($P87/$P$10)*$Q$10,2))),"",IF($P87="","",ROUND(($P87/$P$10)*$Q$10,2))) | R87: =IF($Q87="","",ROUND($Q87*$R$10,2)) | AC87: =IF(COUNT($S87:$AB87)=0,"",SUM($S87:$AB87)) | AD87: =IF(ISERROR(IF($AC87="","",ROUND(($AC87/$AC$10)*$AD$10,2))),"",IF($AC87="","",ROUND(($AC87/$AC$10)*$AD$10,2))) | AE87: =IF($AD87="","",ROUND($AD87*$AE$10,2)) | AG87: =IF(ISERROR(IF($AF87="","",ROUND(($AF87/$AF$10)*$AG$10,2))),"",IF($AF87="","",ROUND(($AF87/$AF$10)*$AG$10,2))) | AH87: =IF($AG87="","",ROUND($AG87*$AH$10,2)) | AI87: =IF(ISERROR(IF($AF87="","",ROUND(SUM($R87,$AE87,$AH87),2))),"",IF($AF87="","",ROUND(SUM($R87,$AE87,$AH87),2))) | AJ87: =IF(ISERROR(IF($AF87="","",VLOOKUP(AI87,TRANSMUTATION_TABLE,4,TRUE))),"",IF($AF87="","",VLOOKUP(AI87,TRANSMUTATION_TABLE,4,TRUE)))
A88: 26 | B88: ='INPUT DATA'!B88 -> 0 | P88: =IF(COUNT($F88:$O88)=0,"",SUM($F88:$O88)) | Q88: =IF(ISERROR(IF($P88="","",ROUND(($P88/$P$10)*$Q$10,2))),"",IF($P88="","",ROUND(($P88/$P$10)*$Q$10,2))) | R88: =IF($Q88="","",ROUND($Q88*$R$10,2)) | AC88: =IF(COUNT($S88:$AB88)=0,"",SUM($S88:$AB88)) | AD88: =IF(ISERROR(IF($AC88="","",ROUND(($AC88/$AC$10)*$AD$10,2))),"",IF($AC88="","",ROUND(($AC88/$AC$10)*$AD$10,2))) | AE88: =IF($AD88="","",ROUND($AD88*$AE$10,2)) | AG88: =IF(ISERROR(IF($AF88="","",ROUND(($AF88/$AF$10)*$AG$10,2))),"",IF($AF88="","",ROUND(($AF88/$AF$10)*$AG$10,2))) | AH88: =IF($AG88="","",ROUND($AG88*$AH$10,2)) | AI88: =IF(ISERROR(IF($AF88="","",ROUND(SUM($R88,$AE88,$AH88),2))),"",IF($AF88="","",ROUND(SUM($R88,$AE88,$AH88),2))) | AJ88: =IF(ISERROR(IF($AF88="","",VLOOKUP(AI88,TRANSMUTATION_TABLE,4,TRUE))),"",IF($AF88="","",VLOOKUP(AI88,TRANSMUTATION_TABLE,4,TRUE)))
A89: 27 | B89: ='INPUT DATA'!B89 -> 0 | P89: =IF(COUNT($F89:$O89)=0,"",SUM($F89:$O89)) | Q89: =IF(ISERROR(IF($P89="","",ROUND(($P89/$P$10)*$Q$10,2))),"",IF($P89="","",ROUND(($P89/$P$10)*$Q$10,2))) | R89: =IF($Q89="","",ROUND($Q89*$R$10,2)) | AC89: =IF(COUNT($S89:$AB89)=0,"",SUM($S89:$AB89)) | AD89: =IF(ISERROR(IF($AC89="","",ROUND(($AC89/$AC$10)*$AD$10,2))),"",IF($AC89="","",ROUND(($AC89/$AC$10)*$AD$10,2))) | AE89: =IF($AD89="","",ROUND($AD89*$AE$10,2)) | AG89: =IF(ISERROR(IF($AF89="","",ROUND(($AF89/$AF$10)*$AG$10,2))),"",IF($AF89="","",ROUND(($AF89/$AF$10)*$AG$10,2))) | AH89: =IF($AG89="","",ROUND($AG89*$AH$10,2)) | AI89: =IF(ISERROR(IF($AF89="","",ROUND(SUM($R89,$AE89,$AH89),2))),"",IF($AF89="","",ROUND(SUM($R89,$AE89,$AH89),2))) | AJ89: =IF(ISERROR(IF($AF89="","",VLOOKUP(AI89,TRANSMUTATION_TABLE,4,TRUE))),"",IF($AF89="","",VLOOKUP(AI89,TRANSMUTATION_TABLE,4,TRUE)))
A90: 28 | B90: ='INPUT DATA'!B90 -> 0 | P90: =IF(COUNT($F90:$O90)=0,"",SUM($F90:$O90)) | Q90: =IF(ISERROR(IF($P90="","",ROUND(($P90/$P$10)*$Q$10,2))),"",IF($P90="","",ROUND(($P90/$P$10)*$Q$10,2))) | R90: =IF($Q90="","",ROUND($Q90*$R$10,2)) | AC90: =IF(COUNT($S90:$AB90)=0,"",SUM($S90:$AB90)) | AD90: =IF(ISERROR(IF($AC90="","",ROUND(($AC90/$AC$10)*$AD$10,2))),"",IF($AC90="","",ROUND(($AC90/$AC$10)*$AD$10,2))) | AE90: =IF($AD90="","",ROUND($AD90*$AE$10,2)) | AG90: =IF(ISERROR(IF($AF90="","",ROUND(($AF90/$AF$10)*$AG$10,2))),"",IF($AF90="","",ROUND(($AF90/$AF$10)*$AG$10,2))) | AH90: =IF($AG90="","",ROUND($AG90*$AH$10,2)) | AI90: =IF(ISERROR(IF($AF90="","",ROUND(SUM($R90,$AE90,$AH90),2))),"",IF($AF90="","",ROUND(SUM($R90,$AE90,$AH90),2))) | AJ90: =IF(ISERROR(IF($AF90="","",VLOOKUP(AI90,TRANSMUTATION_TABLE,4,TRUE))),"",IF($AF90="","",VLOOKUP(AI90,TRANSMUTATION_TABLE,4,TRUE)))
A91: 29 | B91: ='INPUT DATA'!B91 -> 0 | P91: =IF(COUNT($F91:$O91)=0,"",SUM($F91:$O91)) | Q91: =IF(ISERROR(IF($P91="","",ROUND(($P91/$P$10)*$Q$10,2))),"",IF($P91="","",ROUND(($P91/$P$10)*$Q$10,2))) | R91: =IF($Q91="","",ROUND($Q91*$R$10,2)) | AC91: =IF(COUNT($S91:$AB91)=0,"",SUM($S91:$AB91)) | AD91: =IF(ISERROR(IF($AC91="","",ROUND(($AC91/$AC$10)*$AD$10,2))),"",IF($AC91="","",ROUND(($AC91/$AC$10)*$AD$10,2))) | AE91: =IF($AD91="","",ROUND($AD91*$AE$10,2)) | AG91: =IF(ISERROR(IF($AF91="","",ROUND(($AF91/$AF$10)*$AG$10,2))),"",IF($AF91="","",ROUND(($AF91/$AF$10)*$AG$10,2))) | AH91: =IF($AG91="","",ROUND($AG91*$AH$10,2)) | AI91: =IF(ISERROR(IF($AF91="","",ROUND(SUM($R91,$AE91,$AH91),2))),"",IF($AF91="","",ROUND(SUM($R91,$AE91,$AH91),2))) | AJ91: =IF(ISERROR(IF($AF91="","",VLOOKUP(AI91,TRANSMUTATION_TABLE,4,TRUE))),"",IF($AF91="","",VLOOKUP(AI91,TRANSMUTATION_TABLE,4,TRUE)))
A92: 30 | B92: ='INPUT DATA'!B92 -> 0 | P92: =IF(COUNT($F92:$O92)=0,"",SUM($F92:$O92)) | Q92: =IF(ISERROR(IF($P92="","",ROUND(($P92/$P$10)*$Q$10,2))),"",IF($P92="","",ROUND(($P92/$P$10)*$Q$10,2))) | R92: =IF($Q92="","",ROUND($Q92*$R$10,2)) | AC92: =IF(COUNT($S92:$AB92)=0,"",SUM($S92:$AB92)) | AD92: =IF(ISERROR(IF($AC92="","",ROUND(($AC92/$AC$10)*$AD$10,2))),"",IF($AC92="","",ROUND(($AC92/$AC$10)*$AD$10,2))) | AE92: =IF($AD92="","",ROUND($AD92*$AE$10,2)) | AG92: =IF(ISERROR(IF($AF92="","",ROUND(($AF92/$AF$10)*$AG$10,2))),"",IF($AF92="","",ROUND(($AF92/$AF$10)*$AG$10,2))) | AH92: =IF($AG92="","",ROUND($AG92*$AH$10,2)) | AI92: =IF(ISERROR(IF($AF92="","",ROUND(SUM($R92,$AE92,$AH92),2))),"",IF($AF92="","",ROUND(SUM($R92,$AE92,$AH92),2))) | AJ92: =IF(ISERROR(IF($AF92="","",VLOOKUP(AI92,TRANSMUTATION_TABLE,4,TRUE))),"",IF($AF92="","",VLOOKUP(AI92,TRANSMUTATION_TABLE,4,TRUE)))
A93: 31 | B93: ='INPUT DATA'!B93 -> 0 | P93: =IF(COUNT($F93:$O93)=0,"",SUM($F93:$O93)) | Q93: =IF(ISERROR(IF($P93="","",ROUND(($P93/$P$10)*$Q$10,2))),"",IF($P93="","",ROUND(($P93/$P$10)*$Q$10,2))) | R93: =IF($Q93="","",ROUND($Q93*$R$10,2)) | AC93: =IF(COUNT($S93:$AB93)=0,"",SUM($S93:$AB93)) | AD93: =IF(ISERROR(IF($AC93="","",ROUND(($AC93/$AC$10)*$AD$10,2))),"",IF($AC93="","",ROUND(($AC93/$AC$10)*$AD$10,2))) | AE93: =IF($AD93="","",ROUND($AD93*$AE$10,2)) | AG93: =IF(ISERROR(IF($AF93="","",ROUND(($AF93/$AF$10)*$AG$10,2))),"",IF($AF93="","",ROUND(($AF93/$AF$10)*$AG$10,2))) | AH93: =IF($AG93="","",ROUND($AG93*$AH$10,2)) | AI93: =IF(ISERROR(IF($AF93="","",ROUND(SUM($R93,$AE93,$AH93),2))),"",IF($AF93="","",ROUND(SUM($R93,$AE93,$AH93),2))) | AJ93: =IF(ISERROR(IF($AF93="","",VLOOKUP(AI93,TRANSMUTATION_TABLE,4,TRUE))),"",IF($AF93="","",VLOOKUP(AI93,TRANSMUTATION_TABLE,4,TRUE)))
A94: 32 | B94: ='INPUT DATA'!B94 -> 0 | P94: =IF(COUNT($F94:$O94)=0,"",SUM($F94:$O94)) | Q94: =IF(ISERROR(IF($P94="","",ROUND(($P94/$P$10)*$Q$10,2))),"",IF($P94="","",ROUND(($P94/$P$10)*$Q$10,2))) | R94: =IF($Q94="","",ROUND($Q94*$R$10,2)) | AC94: =IF(COUNT($S94:$AB94)=0,"",SUM($S94:$AB94)) | AD94: =IF(ISERROR(IF($AC94="","",ROUND(($AC94/$AC$10)*$AD$10,2))),"",IF($AC94="","",ROUND(($AC94/$AC$10)*$AD$10,2))) | AE94: =IF($AD94="","",ROUND($AD94*$AE$10,2)) | AG94: =IF(ISERROR(IF($AF94="","",ROUND(($AF94/$AF$10)*$AG$10,2))),"",IF($AF94="","",ROUND(($AF94/$AF$10)*$AG$10,2))) | AH94: =IF($AG94="","",ROUND($AG94*$AH$10,2)) | AI94: =IF(ISERROR(IF($AF94="","",ROUND(SUM($R94,$AE94,$AH94),2))),"",IF($AF94="","",ROUND(SUM($R94,$AE94,$AH94),2))) | AJ94: =IF(ISERROR(IF($AF94="","",VLOOKUP(AI94,TRANSMUTATION_TABLE,4,TRUE))),"",IF($AF94="","",VLOOKUP(AI94,TRANSMUTATION_TABLE,4,TRUE)))
A95: 33 | B95: ='INPUT DATA'!B95 -> 0 | P95: =IF(COUNT($F95:$O95)=0,"",SUM($F95:$O95)) | Q95: =IF(ISERROR(IF($P95="","",ROUND(($P95/$P$10)*$Q$10,2))),"",IF($P95="","",ROUND(($P95/$P$10)*$Q$10,2))) | R95: =IF($Q95="","",ROUND($Q95*$R$10,2)) | AC95: =IF(COUNT($S95:$AB95)=0,"",SUM($S95:$AB95)) | AD95: =IF(ISERROR(IF($AC95="","",ROUND(($AC95/$AC$10)*$AD$10,2))),"",IF($AC95="","",ROUND(($AC95/$AC$10)*$AD$10,2))) | AE95: =IF($AD95="","",ROUND($AD95*$AE$10,2)) | AG95: =IF(ISERROR(IF($AF95="","",ROUND(($AF95/$AF$10)*$AG$10,2))),"",IF($AF95="","",ROUND(($AF95/$AF$10)*$AG$10,2))) | AH95: =IF($AG95="","",ROUND($AG95*$AH$10,2)) | AI95: =IF(ISERROR(IF($AF95="","",ROUND(SUM($R95,$AE95,$AH95),2))),"",IF($AF95="","",ROUND(SUM($R95,$AE95,$AH95),2))) | AJ95: =IF(ISERROR(IF($AF95="","",VLOOKUP(AI95,TRANSMUTATION_TABLE,4,TRUE))),"",IF($AF95="","",VLOOKUP(AI95,TRANSMUTATION_TABLE,4,TRUE)))
A96: 34 | B96: ='INPUT DATA'!B96 -> 0 | P96: =IF(COUNT($F96:$O96)=0,"",SUM($F96:$O96)) | Q96: =IF(ISERROR(IF($P96="","",ROUND(($P96/$P$10)*$Q$10,2))),"",IF($P96="","",ROUND(($P96/$P$10)*$Q$10,2))) | R96: =IF($Q96="","",ROUND($Q96*$R$10,2)) | AC96: =IF(COUNT($S96:$AB96)=0,"",SUM($S96:$AB96)) | AD96: =IF(ISERROR(IF($AC96="","",ROUND(($AC96/$AC$10)*$AD$10,2))),"",IF($AC96="","",ROUND(($AC96/$AC$10)*$AD$10,2))) | AE96: =IF($AD96="","",ROUND($AD96*$AE$10,2)) | AG96: =IF(ISERROR(IF($AF96="","",ROUND(($AF96/$AF$10)*$AG$10,2))),"",IF($AF96="","",ROUND(($AF96/$AF$10)*$AG$10,2))) | AH96: =IF($AG96="","",ROUND($AG96*$AH$10,2)) | AI96: =IF(ISERROR(IF($AF96="","",ROUND(SUM($R96,$AE96,$AH96),2))),"",IF($AF96="","",ROUND(SUM($R96,$AE96,$AH96),2))) | AJ96: =IF(ISERROR(IF($AF96="","",VLOOKUP(AI96,TRANSMUTATION_TABLE,4,TRUE))),"",IF($AF96="","",VLOOKUP(AI96,TRANSMUTATION_TABLE,4,TRUE)))
A97: 35 | B97: ='INPUT DATA'!B97 -> 0 | P97: =IF(COUNT($F97:$O97)=0,"",SUM($F97:$O97)) | Q97: =IF(ISERROR(IF($P97="","",ROUND(($P97/$P$10)*$Q$10,2))),"",IF($P97="","",ROUND(($P97/$P$10)*$Q$10,2))) | R97: =IF($Q97="","",ROUND($Q97*$R$10,2)) | AC97: =IF(COUNT($S97:$AB97)=0,"",SUM($S97:$AB97)) | AD97: =IF(ISERROR(IF($AC97="","",ROUND(($AC97/$AC$10)*$AD$10,2))),"",IF($AC97="","",ROUND(($AC97/$AC$10)*$AD$10,2))) | AE97: =IF($AD97="","",ROUND($AD97*$AE$10,2)) | AG97: =IF(ISERROR(IF($AF97="","",ROUND(($AF97/$AF$10)*$AG$10,2))),"",IF($AF97="","",ROUND(($AF97/$AF$10)*$AG$10,2))) | AH97: =IF($AG97="","",ROUND($AG97*$AH$10,2)) | AI97: =IF(ISERROR(IF($AF97="","",ROUND(SUM($R97,$AE97,$AH97),2))),"",IF($AF97="","",ROUND(SUM($R97,$AE97,$AH97),2))) | AJ97: =IF(ISERROR(IF($AF97="","",VLOOKUP(AI97,TRANSMUTATION_TABLE,4,TRUE))),"",IF($AF97="","",VLOOKUP(AI97,TRANSMUTATION_TABLE,4,TRUE)))
A98: 36 | B98: ='INPUT DATA'!B98 -> 0 | P98: =IF(COUNT($F98:$O98)=0,"",SUM($F98:$O98)) | Q98: =IF(ISERROR(IF($P98="","",ROUND(($P98/$P$10)*$Q$10,2))),"",IF($P98="","",ROUND(($P98/$P$10)*$Q$10,2))) | R98: =IF($Q98="","",ROUND($Q98*$R$10,2)) | AC98: =IF(COUNT($S98:$AB98)=0,"",SUM($S98:$AB98)) | AD98: =IF(ISERROR(IF($AC98="","",ROUND(($AC98/$AC$10)*$AD$10,2))),"",IF($AC98="","",ROUND(($AC98/$AC$10)*$AD$10,2))) | AE98: =IF($AD98="","",ROUND($AD98*$AE$10,2)) | AG98: =IF(ISERROR(IF($AF98="","",ROUND(($AF98/$AF$10)*$AG$10,2))),"",IF($AF98="","",ROUND(($AF98/$AF$10)*$AG$10,2))) | AH98: =IF($AG98="","",ROUND($AG98*$AH$10,2)) | AI98: =IF(ISERROR(IF($AF98="","",ROUND(SUM($R98,$AE98,$AH98),2))),"",IF($AF98="","",ROUND(SUM($R98,$AE98,$AH98),2))) | AJ98: =IF(ISERROR(IF($AF98="","",VLOOKUP(AI98,TRANSMUTATION_TABLE,4,TRUE))),"",IF($AF98="","",VLOOKUP(AI98,TRANSMUTATION_TABLE,4,TRUE)))
... A112: 50 | B112: ='INPUT DATA'!B112 -> 0 | P112: =IF(COUNT($F112:$O112)=0,"",SUM($F112:$O112)) | Q112: =IF(ISERROR(IF($P112="","",ROUND(($P112/$P$10)*$Q$10,2))),"",IF($P112="","",ROUND(($P112/$P$10)*$Q$10,2))) | R112: =IF($Q112="","",ROUND($Q112*$R$10,2)) | AC112: =IF(COUNT($S112:$AB112)=0,"",SUM($S112:$AB112)) | AD112: =IF(ISERROR(IF($AC112="","",ROUND(($AC112/$AC$10)*$AD$10,2))),"",IF($AC112="","",ROUND(($AC112/$AC$10)*$AD$10,2))) | AE112: =IF($AD112="","",ROUND($AD112*$AE$10,2)) | AG112: =IF(ISERROR(IF($AF112="","",ROUND(($AF112/$AF$10)*$AG$10,2))),"",IF($AF112="","",ROUND(($AF112/$AF$10)*$AG$10,2))) | AH112: =IF($AG112="","",ROUND($AG112*$AH$10,2)) | AI112: =IF(ISERROR(IF($AF112="","",ROUND(SUM($R112,$AE112,$AH112),2))),"",IF($AF112="","",ROUND(SUM($R112,$AE112,$AH112),2))) | AJ112: =IF(ISERROR(IF($AF112="","",VLOOKUP(AI112,TRANSMUTATION_TABLE,4,TRUE))),"",IF($AF112="","",VLOOKUP(AI112,TRANSMUTATION_TABLE,4,TRUE)))

Sheet ENGLISH _Q3
A1: Class Record
A3: (Pursuant to Deped Order 8 series of 2015)
C4: REGION | G4: ='INPUT DATA'!G4 -> 0 | L4: DIVISION | O4: ='INPUT DATA'!O4 -> 0
B5: SCHOOL NAME | G5: ='INPUT DATA'!G5 -> 0 | T5: SCHOOL ID | X5: ='INPUT DATA'!X5 -> 0 | AD5: SCHOOL YEAR | AG5: ='INPUT DATA'!AG5 -> 0
A7: THIRD QUARTER | F7: GRADE & SECTION: | K7: ='INPUT DATA'!K7 -> 0 | Q7: TEACHER: | S7: ='INPUT DATA'!S7 -> 0 | AC7: SUBJECT: | AG7: ='INPUT DATA'!AG7 -> 0
B8: LEARNERS' NAMES | F8: WRITTEN WORKS (30%) | S8: PERFORMANCE TASKS (50%) | AF8: QUARTERLY ASSESSMENT (20%) | AI8: Initial | AJ8: Quarterly
F9: 1 | G9: 2 | H9: 3 | I9: 4 | J9: 5 | K9: 6 | L9: 7 | M9: 8 | N9: 9 | O9: 10 | P9: Total | Q9: PS | R9: WS | S9: 1 | T9: 2 | U9: 3 | V9: 4 | W9: 5 | X9: 6 | Y9: 7 | Z9: 8 | AA9: 9 | AB9: 10 | AC9: Total | AD9: PS | AE9: WS | AF9: 1 | AG9: PS | AH9: WS | AI9: Grade | AJ9: Grade
B10: HIGHEST POSSIBLE SCORE | F10: 30 | G10: 50 | H10: 20 | P10: =IF(COUNT($F10:$O10)=0,"",SUM($F10:$O10)) -> 100 | Q10: 100 | R10: 0.3 | S10: 25 | AC10: =IF(COUNT($S10:$AB10)=0,"",SUM($S10:$AB10)) -> 25 | AD10: 100 | AE10: 0.5 | AF10: 50 | AG10: 100 | AH10: 0.2
B11: MALE
A12: 1 | B12: ='INPUT DATA'!B12 -> Quan, Dean D. | F12: 30 | G12: 50 | H12: 20 | P12: =IF(COUNT($F12:$O12)=0,"",SUM($F12:$O12)) -> 100 | Q12: =IF(ISERROR(IF($P12="","",ROUND(($P12/$P$10)*$Q$10,2))),"",IF($P12="","",ROUND(($P12/$P$10)*$Q$10,2))) -> 100 | R12: =IF($Q12="","",ROUND($Q12*$R$10,2)) -> 30 | S12: 25 | AC12: =IF(COUNT($S12:$AB12)=0,"",SUM($S12:$AB12)) -> 25 | AD12: =IF(ISERROR(IF($AC12="","",ROUND(($AC12/$AC$10)*$AD$10,2))),"",IF($AC12="","",ROUND(($AC12/$AC$10)*$AD$10,2))) -> 100 | AE12: =IF($AD12="","",ROUND($AD12*$AE$10,2)) -> 50 | AF12: 50 | AG12: =IF(ISERROR(IF($AF12="","",ROUND(($AF12/$AF$10)*$AG$10,2))),"",IF($AF12="","",ROUND(($AF12/$AF$10)*$AG$10,2))) -> 100 | AH12: =IF($AG12="","",ROUND($AG12*$AH$10,2)) -> 20 | AI12: =IF(ISERROR(IF($AF12="","",ROUND(SUM($R12,$AE12,$AH12),2))),"",IF($AF12="","",ROUND(SUM($R12,$AE12,$AH12),2))) -> 100 | AJ12: =IF(ISERROR(IF($AF12="","",VLOOKUP(AI12,TRANSMUTATION_TABLE,4,TRUE))),"",IF($AF12="","",VLOOKUP(AI12,TRANSMUTATION_TABLE,4,TRUE))) -> 100
A13: 2 | B13: ='INPUT DATA'!B13 -> Beltran, Julian S. | F13: 28 | G13: 45 | H13: 19 | P13: =IF(COUNT($F13:$O13)=0,"",SUM($F13:$O13)) -> 92 | Q13: =IF(ISERROR(IF($P13="","",ROUND(($P13/$P$10)*$Q$10,2))),"",IF($P13="","",ROUND(($P13/$P$10)*$Q$10,2))) -> 92 | R13: =IF($Q13="","",ROUND($Q13*$R$10,2)) -> 27.6 | S13: 23 | AC13: =IF(COUNT($S13:$AB13)=0,"",SUM($S13:$AB13)) -> 23 | AD13: =IF(ISERROR(IF($AC13="","",ROUND(($AC13/$AC$10)*$AD$10,2))),"",IF($AC13="","",ROUND(($AC13/$AC$10)*$AD$10,2))) -> 92 | AE13: =IF($AD13="","",ROUND($AD13*$AE$10,2)) -> 46 | AF13: 49 | AG13: =IF(ISERROR(IF($AF13="","",ROUND(($AF13/$AF$10)*$AG$10,2))),"",IF($AF13="","",ROUND(($AF13/$AF$10)*$AG$10,2))) -> 98 | AH13: =IF($AG13="","",ROUND($AG13*$AH$10,2)) -> 19.6 | AI13: =IF(ISERROR(IF($AF13="","",ROUND(SUM($R13,$AE13,$AH13),2))),"",IF($AF13="","",ROUND(SUM($R13,$AE13,$AH13),2))) -> 93.2 | AJ13: =IF(ISERROR(IF($AF13="","",VLOOKUP(AI13,TRANSMUTATION_TABLE,4,TRUE))),"",IF($AF13="","",VLOOKUP(AI13,TRANSMUTATION_TABLE,4,TRUE))) -> 95
A14: 3 | B14: ='INPUT DATA'!B14 -> Castro, Angelo P. | F14: 30 | G14: 47 | H14: 18 | P14: =IF(COUNT($F14:$O14)=0,"",SUM($F14:$O14)) -> 95 | Q14: =IF(ISERROR(IF($P14="","",ROUND(($P14/$P$10)*$Q$10,2))),"",IF($P14="","",ROUND(($P14/$P$10)*$Q$10,2))) -> 95 | R14: =IF($Q14="","",ROUND($Q14*$R$10,2)) -> 28.5 | S14: 22 | AC14: =IF(COUNT($S14:$AB14)=0,"",SUM($S14:$AB14)) -> 22 | AD14: =IF(ISERROR(IF($AC14="","",ROUND(($AC14/$AC$10)*$AD$10,2))),"",IF($AC14="","",ROUND(($AC14/$AC$10)*$AD$10,2))) -> 88 | AE14: =IF($AD14="","",ROUND($AD14*$AE$10,2)) -> 44 | AF14: 48 | AG14: =IF(ISERROR(IF($AF14="","",ROUND(($AF14/$AF$10)*$AG$10,2))),"",IF($AF14="","",ROUND(($AF14/$AF$10)*$AG$10,2))) -> 96 | AH14: =IF($AG14="","",ROUND($AG14*$AH$10,2)) -> 19.2 | AI14: =IF(ISERROR(IF($AF14="","",ROUND(SUM($R14,$AE14,$AH14),2))),"",IF($AF14="","",ROUND(SUM($R14,$AE14,$AH14),2))) -> 91.7 | AJ14: =IF(ISERROR(IF($AF14="","",VLOOKUP(AI14,TRANSMUTATION_TABLE,4,TRUE))),"",IF($AF14="","",VLOOKUP(AI14,TRANSMUTATION_TABLE,4,TRUE))) -> 94
A15: 4 | B15: ='INPUT DATA'!B15 -> Dela Cruz, Mateo G. | F15: 25 | G15: 49 | H15: 15 | P15: =IF(COUNT($F15:$O15)=0,"",SUM($F15:$O15)) -> 89 | Q15: =IF(ISERROR(IF($P15="","",ROUND(($P15/$P$10)*$Q$10,2))),"",IF($P15="","",ROUND(($P15/$P$10)*$Q$10,2))) -> 89 | R15: =IF($Q15="","",ROUND($Q15*$R$10,2)) -> 26.7 | S15: 25 | AC15: =IF(COUNT($S15:$AB15)=0,"",SUM($S15:$AB15)) -> 25 | AD15: =IF(ISERROR(IF($AC15="","",ROUND(($AC15/$AC$10)*$AD$10,2))),"",IF($AC15="","",ROUND(($AC15/$AC$10)*$AD$10,2))) -> 100 | AE15: =IF($AD15="","",ROUND($AD15*$AE$10,2)) -> 50 | AF15: 45 | AG15: =IF(ISERROR(IF($AF15="","",ROUND(($AF15/$AF$10)*$AG$10,2))),"",IF($AF15="","",ROUND(($AF15/$AF$10)*$AG$10,2))) -> 90 | AH15: =IF($AG15="","",ROUND($AG15*$AH$10,2)) -> 18 | AI15: =IF(ISERROR(IF($AF15="","",ROUND(SUM($R15,$AE15,$AH15),2))),"",IF($AF15="","",ROUND(SUM($R15,$AE15,$AH15),2))) -> 94.7 | AJ15: =IF(ISERROR(IF($AF15="","",VLOOKUP(AI15,TRANSMUTATION_TABLE,4,TRUE))),"",IF($AF15="","",VLOOKUP(AI15,TRANSMUTATION_TABLE,4,TRUE))) -> 96
A16: 5 | B16: ='INPUT DATA'!B16 -> Enriquez, David J. | F16: 29 | G16: 50 | H16: 17 | P16: =IF(COUNT($F16:$O16)=0,"",SUM($F16:$O16)) -> 96 | Q16: =IF(ISERROR(IF($P16="","",ROUND(($P16/$P$10)*$Q$10,2))),"",IF($P16="","",ROUND(($P16/$P$10)*$Q$10,2))) -> 96 | R16: =IF($Q16="","",ROUND($Q16*$R$10,2)) -> 28.8 | S16: 24 | AC16: =IF(COUNT($S16:$AB16)=0,"",SUM($S16:$AB16)) -> 24 | AD16: =IF(ISERROR(IF($AC16="","",ROUND(($AC16/$AC$10)*$AD$10,2))),"",IF($AC16="","",ROUND(($AC16/$AC$10)*$AD$10,2))) -> 96 | AE16: =IF($AD16="","",ROUND($AD16*$AE$10,2)) -> 48 | AF16: 49 | AG16: =IF(ISERROR(IF($AF16="","",ROUND(($AF16/$AF$10)*$AG$10,2))),"",IF($AF16="","",ROUND(($AF16/$AF$10)*$AG$10,2))) -> 98 | AH16: =IF($AG16="","",ROUND($AG16*$AH$10,2)) -> 19.6 | AI16: =IF(ISERROR(IF($AF16="","",ROUND(SUM($R16,$AE16,$AH16),2))),"",IF($AF16="","",ROUND(SUM($R16,$AE16,$AH16),2))) -> 96.4 | AJ16: =IF(ISERROR(IF($AF16="","",VLOOKUP(AI16,TRANSMUTATION_TABLE,4,TRUE))),"",IF($AF16="","",VLOOKUP(AI16,TRANSMUTATION_TABLE,4,TRUE))) -> 97
A17: 6 | B17: ='INPUT DATA'!B17 -> Fajardo, Simon T. | F17: 28 | G17: 47 | H17: 18 | P17: =IF(COUNT($F17:$O17)=0,"",SUM($F17:$O17)) -> 93 | Q17: =IF(ISERROR(IF($P17="","",ROUND(($P17/$P$10)*$Q$10,2))),"",IF($P17="","",ROUND(($P17/$P$10)*$Q$10,2))) -> 93 | R17: =IF($Q17="","",ROUND($Q17*$R$10,2)) -> 27.9 | S17: 25 | AC17: =IF(COUNT($S17:$AB17)=0,"",SUM($S17:$AB17)) -> 25 | AD17: =IF(ISERROR(IF($AC17="","",ROUND(($AC17/$AC$10)*$AD$10,2))),"",IF($AC17="","",ROUND(($AC17/$AC$10)*$AD$10,2))) -> 100 | AE17: =IF($AD17="","",ROUND($AD17*$AE$10,2)) -> 50 | AF17: 45 | AG17: =IF(ISERROR(IF($AF17="","",ROUND(($AF17/$AF$10)*$AG$10,2))),"",IF($AF17="","",ROUND(($AF17/$AF$10)*$AG$10,2))) -> 90 | AH17: =IF($AG17="","",ROUND($AG17*$AH$10,2)) -> 18 | AI17: =IF(ISERROR(IF($AF17="","",ROUND(SUM($R17,$AE17,$AH17),2))),"",IF($AF17="","",ROUND(SUM($R17,$AE17,$AH17),2))) -> 95.9 | AJ17: =IF(ISERROR(IF($AF17="","",VLOOKUP(AI17,TRANSMUTATION_TABLE,4,TRUE))),"",IF($AF17="","",VLOOKUP(AI17,TRANSMUTATION_TABLE,4,TRUE))) -> 97
A18: 7 | B18: ='INPUT DATA'!B18 -> Garcia, Rafael V. | F18: 30 | G18: 49 | H18: 19 | P18: =IF(COUNT($F18:$O18)=0,"",SUM($F18:$O18)) -> 98 | Q18: =IF(ISERROR(IF($P18="","",ROUND(($P18/$P$10)*$Q$10,2))),"",IF($P18="","",ROUND(($P18/$P$10)*$Q$10,2))) -> 98 | R18: =IF($Q18="","",ROUND($Q18*$R$10,2)) -> 29.4 | S18: 25 | AC18: =IF(COUNT($S18:$AB18)=0,"",SUM($S18:$AB18)) -> 25 | AD18: =IF(ISERROR(IF($AC18="","",ROUND(($AC18/$AC$10)*$AD$10,2))),"",IF($AC18="","",ROUND(($AC18/$AC$10)*$AD$10,2))) -> 100 | AE18: =IF($AD18="","",ROUND($AD18*$AE$10,2)) -> 50 | AF18: 49 | AG18: =IF(ISERROR(IF($AF18="","",ROUND(($AF18/$AF$10)*$AG$10,2))),"",IF($AF18="","",ROUND(($AF18/$AF$10)*$AG$10,2))) -> 98 | AH18: =IF($AG18="","",ROUND($AG18*$AH$10,2)) -> 19.6 | AI18: =IF(ISERROR(IF($AF18="","",ROUND(SUM($R18,$AE18,$AH18),2))),"",IF($AF18="","",ROUND(SUM($R18,$AE18,$AH18),2))) -> 99 | AJ18: =IF(ISERROR(IF($AF18="","",VLOOKUP(AI18,TRANSMUTATION_TABLE,4,TRUE))),"",IF($AF18="","",VLOOKUP(AI18,TRANSMUTATION_TABLE,4,TRUE))) -> 99
A19: 8 | B19: ='INPUT DATA'!B19 -> Hernandez, Luis M. | D19: 0 | F19: 25 | G19: 45 | H19: 17 | P19: =IF(COUNT($F19:$O19)=0,"",SUM($F19:$O19)) -> 87 | Q19: =IF(ISERROR(IF($P19="","",ROUND(($P19/$P$10)*$Q$10,2))),"",IF($P19="","",ROUND(($P19/$P$10)*$Q$10,2))) -> 87 | R19: =IF($Q19="","",ROUND($Q19*$R$10,2)) -> 26.1 | S19: 22 | AC19: =IF(COUNT($S19:$AB19)=0,"",SUM($S19:$AB19)) -> 22 | AD19: =IF(ISERROR(IF($AC19="","",ROUND(($AC19/$AC$10)*$AD$10,2))),"",IF($AC19="","",ROUND(($AC19/$AC$10)*$AD$10,2))) -> 88 | AE19: =IF($AD19="","",ROUND($AD19*$AE$10,2)) -> 44 | AF19: 45 | AG19: =IF(ISERROR(IF($AF19="","",ROUND(($AF19/$AF$10)*$AG$10,2))),"",IF($AF19="","",ROUND(($AF19/$AF$10)*$AG$10,2))) -> 90 | AH19: =IF($AG19="","",ROUND($AG19*$AH$10,2)) -> 18 | AI19: =IF(ISERROR(IF($AF19="","",ROUND(SUM($R19,$AE19,$AH19),2))),"",IF($AF19="","",ROUND(SUM($R19,$AE19,$AH19),2))) -> 88.1 | AJ19: =IF(ISERROR(IF($AF19="","",VLOOKUP(AI19,TRANSMUTATION_TABLE,4,TRUE))),"",IF($AF19="","",VLOOKUP(AI19,TRANSMUTATION_TABLE,4,TRUE))) -> 92
A20: 9 | B20: ='INPUT DATA'!B20 -> Ignacio, Kevin R. | F20: 29 | G20: 47 | H20: 20 | P20: =IF(COUNT($F20:$O20)=0,"",SUM($F20:$O20)) -> 96 | Q20: =IF(ISERROR(IF($P20="","",ROUND(($P20/$P$10)*$Q$10,2))),"",IF($P20="","",ROUND(($P20/$P$10)*$Q$10,2))) -> 96 | R20: =IF($Q20="","",ROUND($Q20*$R$10,2)) -> 28.8 | S20: 25 | AC20: =IF(COUNT($S20:$AB20)=0,"",SUM($S20:$AB20)) -> 25 | AD20: =IF(ISERROR(IF($AC20="","",ROUND(($AC20/$AC$10)*$AD$10,2))),"",IF($AC20="","",ROUND(($AC20/$AC$10)*$AD$10,2))) -> 100 | AE20: =IF($AD20="","",ROUND($AD20*$AE$10,2)) -> 50 | AF20: 48 | AG20: =IF(ISERROR(IF($AF20="","",ROUND(($AF20/$AF$10)*$AG$10,2))),"",IF($AF20="","",ROUND(($AF20/$AF$10)*$AG$10,2))) -> 96 | AH20: =IF($AG20="","",ROUND($AG20*$AH$10,2)) -> 19.2 | AI20: =IF(ISERROR(IF($AF20="","",ROUND(SUM($R20,$AE20,$AH20),2))),"",IF($AF20="","",ROUND(SUM($R20,$AE20,$AH20),2))) -> 98 | AJ20: =IF(ISERROR(IF($AF20="","",VLOOKUP(AI20,TRANSMUTATION_TABLE,4,TRUE))),"",IF($AF20="","",VLOOKUP(AI20,TRANSMUTATION_TABLE,4,TRUE))) -> 98
A21: 10 | B21: ='INPUT DATA'!B21 -> Javier, Marcus D. | F21: 25 | G21: 50 | H21: 18 | P21: =IF(COUNT($F21:$O21)=0,"",SUM($F21:$O21)) -> 93 | Q21: =IF(ISERROR(IF($P21="","",ROUND(($P21/$P$10)*$Q$10,2))),"",IF($P21="","",ROUND(($P21/$P$10)*$Q$10,2))) -> 93 | R21: =IF($Q21="","",ROUND($Q21*$R$10,2)) -> 27.9 | S21: 24 | AC21: =IF(COUNT($S21:$AB21)=0,"",SUM($S21:$AB21)) -> 24 | AD21: =IF(ISERROR(IF($AC21="","",ROUND(($AC21/$AC$10)*$AD$10,2))),"",IF($AC21="","",ROUND(($AC21/$AC$10)*$AD$10,2))) -> 96 | AE21: =IF($AD21="","",ROUND($AD21*$AE$10,2)) -> 48 | AF21: 49 | AG21: =IF(ISERROR(IF($AF21="","",ROUND(($AF21/$AF$10)*$AG$10,2))),"",IF($AF21="","",ROUND(($AF21/$AF$10)*$AG$10,2))) -> 98 | AH21: =IF($AG21="","",ROUND($AG21*$AH$10,2)) -> 19.6 | AI21: =IF(ISERROR(IF($AF21="","",ROUND(SUM($R21,$AE21,$AH21),2))),"",IF($AF21="","",ROUND(SUM($R21,$AE21,$AH21),2))) -> 95.5 | AJ21: =IF(ISERROR(IF($AF21="","",VLOOKUP(AI21,TRANSMUTATION_TABLE,4,TRUE))),"",IF($AF21="","",VLOOKUP(AI21,TRANSMUTATION_TABLE,4,TRUE))) -> 97
A22: 11 | B22: ='INPUT DATA'!B22 -> Lim, Justin B. | D22: 0 | F22: 28 | G22: 49 | H22: 17 | P22: =IF(COUNT($F22:$O22)=0,"",SUM($F22:$O22)) -> 94 | Q22: =IF(ISERROR(IF($P22="","",ROUND(($P22/$P$10)*$Q$10,2))),"",IF($P22="","",ROUND(($P22/$P$10)*$Q$10,2))) -> 94 | R22: =IF($Q22="","",ROUND($Q22*$R$10,2)) -> 28.2 | S22: 25 | AC22: =IF(COUNT($S22:$AB22)=0,"",SUM($S22:$AB22)) -> 25 | AD22: =IF(ISERROR(IF($AC22="","",ROUND(($AC22/$AC$10)*$AD$10,2))),"",IF($AC22="","",ROUND(($AC22/$AC$10)*$AD$10,2))) -> 100 | AE22: =IF($AD22="","",ROUND($AD22*$AE$10,2)) -> 50 | AF22: 48 | AG22: =IF(ISERROR(IF($AF22="","",ROUND(($AF22/$AF$10)*$AG$10,2))),"",IF($AF22="","",ROUND(($AF22/$AF$10)*$AG$10,2))) -> 96 | AH22: =IF($AG22="","",ROUND($AG22*$AH$10,2)) -> 19.2 | AI22: =IF(ISERROR(IF($AF22="","",ROUND(SUM($R22,$AE22,$AH22),2))),"",IF($AF22="","",ROUND(SUM($R22,$AE22,$AH22),2))) -> 97.4 | AJ22: =IF(ISERROR(IF($AF22="","",VLOOKUP(AI22,TRANSMUTATION_TABLE,4,TRUE))),"",IF($AF22="","",VLOOKUP(AI22,TRANSMUTATION_TABLE,4,TRUE))) -> 98
A23: 12 | B23: ='INPUT DATA'!B23 -> Mercado, Nathan F. | F23: 30 | G23: 49 | H23: 19 | P23: =IF(COUNT($F23:$O23)=0,"",SUM($F23:$O23)) -> 98 | Q23: =IF(ISERROR(IF($P23="","",ROUND(($P23/$P$10)*$Q$10,2))),"",IF($P23="","",ROUND(($P23/$P$10)*$Q$10,2))) -> 98 | R23: =IF($Q23="","",ROUND($Q23*$R$10,2)) -> 29.4 | S23: 25 | AC23: =IF(COUNT($S23:$AB23)=0,"",SUM($S23:$AB23)) -> 25 | AD23: =IF(ISERROR(IF($AC23="","",ROUND(($AC23/$AC$10)*$AD$10,2))),"",IF($AC23="","",ROUND(($AC23/$AC$10)*$AD$10,2))) -> 100 | AE23: =IF($AD23="","",ROUND($AD23*$AE$10,2)) -> 50 | AF23: 45 | AG23: =IF(ISERROR(IF($AF23="","",ROUND(($AF23/$AF$10)*$AG$10,2))),"",IF($AF23="","",ROUND(($AF23/$AF$10)*$AG$10,2))) -> 90 | AH23: =IF($AG23="","",ROUND($AG23*$AH$10,2)) -> 18 | AI23: =IF(ISERROR(IF($AF23="","",ROUND(SUM($R23,$AE23,$AH23),2))),"",IF($AF23="","",ROUND(SUM($R23,$AE23,$AH23),2))) -> 97.4 | AJ23: =IF(ISERROR(IF($AF23="","",VLOOKUP(AI23,TRANSMUTATION_TABLE,4,TRUE))),"",IF($AF23="","",VLOOKUP(AI23,TRANSMUTATION_TABLE,4,TRUE))) -> 98
A24: 13 | B24: ='INPUT DATA'!B24 -> Naval, Patrick S. | F24: 29 | G24: 47 | H24: 17 | P24: =IF(COUNT($F24:$O24)=0,"",SUM($F24:$O24)) -> 93 | Q24: =IF(ISERROR(IF($P24="","",ROUND(($P24/$P$10)*$Q$10,2))),"",IF($P24="","",ROUND(($P24/$P$10)*$Q$10,2))) -> 93 | R24: =IF($Q24="","",ROUND($Q24*$R$10,2)) -> 27.9 | S24: 22 | AC24: =IF(COUNT($S24:$AB24)=0,"",SUM($S24:$AB24)) -> 22 | AD24: =IF(ISERROR(IF($AC24="","",ROUND(($AC24/$AC$10)*$AD$10,2))),"",IF($AC24="","",ROUND(($AC24/$AC$10)*$AD$10,2))) -> 88 | AE24: =IF($AD24="","",ROUND($AD24*$AE$10,2)) -> 44 | AF24: 48 | AG24: =IF(ISERROR(IF($AF24="","",ROUND(($AF24/$AF$10)*$AG$10,2))),"",IF($AF24="","",ROUND(($AF24/$AF$10)*$AG$10,2))) -> 96 | AH24: =IF($AG24="","",ROUND($AG24*$AH$10,2)) -> 19.2 | AI24: =IF(ISERROR(IF($AF24="","",ROUND(SUM($R24,$AE24,$AH24),2))),"",IF($AF24="","",ROUND(SUM($R24,$AE24,$AH24),2))) -> 91.1 | AJ24: =IF(ISERROR(IF($AF24="","",VLOOKUP(AI24,TRANSMUTATION_TABLE,4,TRUE))),"",IF($AF24="","",VLOOKUP(AI24,TRANSMUTATION_TABLE,4,TRUE))) -> 94
A25: 14 | B25: ='INPUT DATA'!B25 -> Ocampo, Gabriel C. | F25: 25 | G25: 50 | H25: 20 | P25: =IF(COUNT($F25:$O25)=0,"",SUM($F25:$O25)) -> 95 | Q25: =IF(ISERROR(IF($P25="","",ROUND(($P25/$P$10)*$Q$10,2))),"",IF($P25="","",ROUND(($P25/$P$10)*$Q$10,2))) -> 95 | R25: =IF($Q25="","",ROUND($Q25*$R$10,2)) -> 28.5 | S25: 25 | AC25: =IF(COUNT($S25:$AB25)=0,"",SUM($S25:$AB25)) -> 25 | AD25: =IF(ISERROR(IF($AC25="","",ROUND(($AC25/$AC$10)*$AD$10,2))),"",IF($AC25="","",ROUND(($AC25/$AC$10)*$AD$10,2))) -> 100 | AE25: =IF($AD25="","",ROUND($AD25*$AE$10,2)) -> 50 | AF25: 49 | AG25: =IF(ISERROR(IF($AF25="","",ROUND(($AF25/$AF$10)*$AG$10,2))),"",IF($AF25="","",ROUND(($AF25/$AF$10)*$AG$10,2))) -> 98 | AH25: =IF($AG25="","",ROUND($AG25*$AH$10,2)) -> 19.6 | AI25: =IF(ISERROR(IF($AF25="","",ROUND(SUM($R25,$AE25,$AH25),2))),"",IF($AF25="","",ROUND(SUM($R25,$AE25,$AH25),2))) -> 98.1 | AJ25: =IF(ISERROR(IF($AF25="","",VLOOKUP(AI25,TRANSMUTATION_TABLE,4,TRUE))),"",IF($AF25="","",VLOOKUP(AI25,TRANSMUTATION_TABLE,4,TRUE))) -> 98
A26: 15 | B26: ='INPUT DATA'!B26 -> Pascual, Cedric A. | F26: 28 | G26: 45 | H26: 18 | P26: =IF(COUNT($F26:$O26)=0,"",SUM($F26:$O26)) -> 91 | Q26: =IF(ISERROR(IF($P26="","",ROUND(($P26/$P$10)*$Q$10,2))),"",IF($P26="","",ROUND(($P26/$P$10)*$Q$10,2))) -> 91 | R26: =IF($Q26="","",ROUND($Q26*$R$10,2)) -> 27.3 | S26: 24 | AC26: =IF(COUNT($S26:$AB26)=0,"",SUM($S26:$AB26)) -> 24 | AD26: =IF(ISERROR(IF($AC26="","",ROUND(($AC26/$AC$10)*$AD$10,2))),"",IF($AC26="","",ROUND(($AC26/$AC$10)*$AD$10,2))) -> 96 | AE26: =IF($AD26="","",ROUND($AD26*$AE$10,2)) -> 48 | AF26: 45 | AG26: =IF(ISERROR(IF($AF26="","",ROUND(($AF26/$AF$10)*$AG$10,2))),"",IF($AF26="","",ROUND(($AF26/$AF$10)*$AG$10,2))) -> 90 | AH26: =IF($AG26="","",ROUND($AG26*$AH$10,2)) -> 18 | AI26: =IF(ISERROR(IF($AF26="","",ROUND(SUM($R26,$AE26,$AH26),2))),"",IF($AF26="","",ROUND(SUM($R26,$AE26,$AH26),2))) -> 93.3 | AJ26: =IF(ISERROR(IF($AF26="","",VLOOKUP(AI26,TRANSMUTATION_TABLE,4,TRUE))),"",IF($AF26="","",VLOOKUP(AI26,TRANSMUTATION_TABLE,4,TRUE))) -> 95
A27: 16 | B27: ='INPUT DATA'!B27 -> Quizon, Timothy E. | F27: 29 | G27: 49 | H27: 19 | P27: =IF(COUNT($F27:$O27)=0,"",SUM($F27:$O27)) -> 97 | Q27: =IF(ISERROR(IF($P27="","",ROUND(($P27/$P$10)*$Q$10,2))),"",IF($P27="","",ROUND(($P27/$P$10)*$Q$10,2))) -> 97 | R27: =IF($Q27="","",ROUND($Q27*$R$10,2)) -> 29.1 | S27: 25 | AC27: =IF(COUNT($S27:$AB27)=0,"",SUM($S27:$AB27)) -> 25 | AD27: =IF(ISERROR(IF($AC27="","",ROUND(($AC27/$AC$10)*$AD$10,2))),"",IF($AC27="","",ROUND(($AC27/$AC$10)*$AD$10,2))) -> 100 | AE27: =IF($AD27="","",ROUND($AD27*$AE$10,2)) -> 50 | AF27: 48 | AG27: =IF(ISERROR(IF($AF27="","",ROUND(($AF27/$AF$10)*$AG$10,2))),"",IF($AF27="","",ROUND(($AF27/$AF$10)*$AG$10,2))) -> 96 | AH27: =IF($AG27="","",ROUND($AG27*$AH$10,2)) -> 19.2 | AI27: =IF(ISERROR(IF($AF27="","",ROUND(SUM($R27,$AE27,$AH27),2))),"",IF($AF27="","",ROUND(SUM($R27,$AE27,$AH27),2))) -> 98.3 | AJ27: =IF(ISERROR(IF($AF27="","",VLOOKUP(AI27,TRANSMUTATION_TABLE,4,TRUE))),"",IF($AF27="","",VLOOKUP(AI27,TRANSMUTATION_TABLE,4,TRUE))) -> 98
A28: 17 | B28: ='INPUT DATA'!B28 -> Reyes, Dominic L. | F28: 25 | G28: 47 | H28: 17 | P28: =IF(COUNT($F28:$O28)=0,"",SUM($F28:$O28)) -> 89 | Q28: =IF(ISERROR(IF($P28="","",ROUND(($P28/$P$10)*$Q$10,2))),"",IF($P28="","",ROUND(($P28/$P$10)*$Q$10,2))) -> 89 | R28: =IF($Q28="","",ROUND($Q28*$R$10,2)) -> 26.7 | S28: 22 | AC28: =IF(COUNT($S28:$AB28)=0,"",SUM($S28:$AB28)) -> 22 | AD28: =IF(ISERROR(IF($AC28="","",ROUND(($AC28/$AC$10)*$AD$10,2))),"",IF($AC28="","",ROUND(($AC28/$AC$10)*$AD$10,2))) -> 88 | AE28: =IF($AD28="","",ROUND($AD28*$AE$10,2)) -> 44 | AF28: 48 | AG28: =IF(ISERROR(IF($AF28="","",ROUND(($AF28/$AF$10)*$AG$10,2))),"",IF($AF28="","",ROUND(($AF28/$AF$10)*$AG$10,2))) -> 96 | AH28: =IF($AG28="","",ROUND($AG28*$AH$10,2)) -> 19.2 | AI28: =IF(ISERROR(IF($AF28="","",ROUND(SUM($R28,$AE28,$AH28),2))),"",IF($AF28="","",ROUND(SUM($R28,$AE28,$AH28),2))) -> 89.9 | AJ28: =IF(ISERROR(IF($AF28="","",VLOOKUP(AI28,TRANSMUTATION_TABLE,4,TRUE))),"",IF($AF28="","",VLOOKUP(AI28,TRANSMUTATION_TABLE,4,TRUE))) -> 93
A29: 18 | B29: ='INPUT DATA'!B29 -> Santos, Elijah J. | F29: 30 | G29: 49 | H29: 18 | P29: =IF(COUNT($F29:$O29)=0,"",SUM($F29:$O29)) -> 97 | Q29: =IF(ISERROR(IF($P29="","",ROUND(($P29/$P$10)*$Q$10,2))),"",IF($P29="","",ROUND(($P29/$P$10)*$Q$10,2))) -> 97 | R29: =IF($Q29="","",ROUND($Q29*$R$10,2)) -> 29.1 | S29: 25 | AC29: =IF(COUNT($S29:$AB29)=0,"",SUM($S29:$AB29)) -> 25 | AD29: =IF(ISERROR(IF($AC29="","",ROUND(($AC29/$AC$10)*$AD$10,2))),"",IF($AC29="","",ROUND(($AC29/$AC$10)*$AD$10,2))) -> 100 | AE29: =IF($AD29="","",ROUND($AD29*$AE$10,2)) -> 50 | AF29: 45 | AG29: =IF(ISERROR(IF($AF29="","",ROUND(($AF29/$AF$10)*$AG$10,2))),"",IF($AF29="","",ROUND(($AF29/$AF$10)*$AG$10,2))) -> 90 | AH29: =IF($AG29="","",ROUND($AG29*$AH$10,2)) -> 18 | AI29: =IF(ISERROR(IF($AF29="","",ROUND(SUM($R29,$AE29,$AH29),2))),"",IF($AF29="","",ROUND(SUM($R29,$AE29,$AH29),2))) -> 97.1 | AJ29: =IF(ISERROR(IF($AF29="","",VLOOKUP(AI29,TRANSMUTATION_TABLE,4,TRUE))),"",IF($AF29="","",VLOOKUP(AI29,TRANSMUTATION_TABLE,4,TRUE))) -> 98
A30: 19 | B30: ='INPUT DATA'!B30 -> Torres, Benedict M. | F30: 28 | G30: 40 | H30: 17 | P30: =IF(COUNT($F30:$O30)=0,"",SUM($F30:$O30)) -> 85 | Q30: =IF(ISERROR(IF($P30="","",ROUND(($P30/$P$10)*$Q$10,2))),"",IF($P30="","",ROUND(($P30/$P$10)*$Q$10,2))) -> 85 | R30: =IF($Q30="","",ROUND($Q30*$R$10,2)) -> 25.5 | S30: 25 | AC30: =IF(COUNT($S30:$AB30)=0,"",SUM($S30:$AB30)) -> 25 | AD30: =IF(ISERROR(IF($AC30="","",ROUND(($AC30/$AC$10)*$AD$10,2))),"",IF($AC30="","",ROUND(($AC30/$AC$10)*$AD$10,2))) -> 100 | AE30: =IF($AD30="","",ROUND($AD30*$AE$10,2)) -> 50 | AF30: 48 | AG30: =IF(ISERROR(IF($AF30="","",ROUND(($AF30/$AF$10)*$AG$10,2))),"",IF($AF30="","",ROUND(($AF30/$AF$10)*$AG$10,2))) -> 96 | AH30: =IF($AG30="","",ROUND($AG30*$AH$10,2)) -> 19.2 | AI30: =IF(ISERROR(IF($AF30="","",ROUND(SUM($R30,$AE30,$AH30),2))),"",IF($AF30="","",ROUND(SUM($R30,$AE30,$AH30),2))) -> 94.7 | AJ30: =IF(ISERROR(IF($AF30="","",VLOOKUP(AI30,TRANSMUTATION_TABLE,4,TRUE))),"",IF($AF30="","",VLOOKUP(AI30,TRANSMUTATION_TABLE,4,TRUE))) -> 96
A31: 20 | B31: ='INPUT DATA'!B31 -> Umali, Vincent P. | F31: 29 | G31: 50 | H31: 20 | P31: =IF(COUNT($F31:$O31)=0,"",SUM($F31:$O31)) -> 99 | Q31: =IF(ISERROR(IF($P31="","",ROUND(($P31/$P$10)*$Q$10,2))),"",IF($P31="","",ROUND(($P31/$P$10)*$Q$10,2))) -> 99 | R31: =IF($Q31="","",ROUND($Q31*$R$10,2)) -> 29.7 | S31: 24 | AC31: =IF(COUNT($S31:$AB31)=0,"",SUM($S31:$AB31)) -> 24 | AD31: =IF(ISERROR(IF($AC31="","",ROUND(($AC31/$AC$10)*$AD$10,2))),"",IF($AC31="","",ROUND(($AC31/$AC$10)*$AD$10,2))) -> 96 | AE31: =IF($AD31="","",ROUND($AD31*$AE$10,2)) -> 48 | AF31: 49 | AG31: =IF(ISERROR(IF($AF31="","",ROUND(($AF31/$AF$10)*$AG$10,2))),"",IF($AF31="","",ROUND(($AF31/$AF$10)*$AG$10,2))) -> 98 | AH31: =IF($AG31="","",ROUND($AG31*$AH$10,2)) -> 19.6 | AI31: =IF(ISERROR(IF($AF31="","",ROUND(SUM($R31,$AE31,$AH31),2))),"",IF($AF31="","",ROUND(SUM($R31,$AE31,$AH31),2))) -> 97.3 | AJ31: =IF(ISERROR(IF($AF31="","",VLOOKUP(AI31,TRANSMUTATION_TABLE,4,TRUE))),"",IF($AF31="","",VLOOKUP(AI31,TRANSMUTATION_TABLE,4,TRUE))) -> 98
A32: 21 | B32: ='INPUT DATA'!B32 -> Valdez, Christian R. | F32: 25 | G32: 45 | H32: 18 | P32: =IF(COUNT($F32:$O32)=0,"",SUM($F32:$O32)) -> 88 | Q32: =IF(ISERROR(IF($P32="","",ROUND(($P32/$P$10)*$Q$10,2))),"",IF($P32="","",ROUND(($P32/$P$10)*$Q$10,2))) -> 88 | R32: =IF($Q32="","",ROUND($Q32*$R$10,2)) -> 26.4 | S32: 25 | AC32: =IF(COUNT($S32:$AB32)=0,"",SUM($S32:$AB32)) -> 25 | AD32: =IF(ISERROR(IF($AC32="","",ROUND(($AC32/$AC$10)*$AD$10,2))),"",IF($AC32="","",ROUND(($AC32/$AC$10)*$AD$10,2))) -> 100 | AE32: =IF($AD32="","",ROUND($AD32*$AE$10,2)) -> 50 | AF32: 45 | AG32: =IF(ISERROR(IF($AF32="","",ROUND(($AF32/$AF$10)*$AG$10,2))),"",IF($AF32="","",ROUND(($AF32/$AF$10)*$AG$10,2))) -> 90 | AH32: =IF($AG32="","",ROUND($AG32*$AH$10,2)) -> 18 | AI32: =IF(ISERROR(IF($AF32="","",ROUND(SUM($R32,$AE32,$AH32),2))),"",IF($AF32="","",ROUND(SUM($R32,$AE32,$AH32),2))) -> 94.4 | AJ32: =IF(ISERROR(IF($AF32="","",VLOOKUP(AI32,TRANSMUTATION_TABLE,4,TRUE))),"",IF($AF32="","",VLOOKUP(AI32,TRANSMUTATION_TABLE,4,TRUE))) -> 96
A33: 22 | B33: ='INPUT DATA'!B33 -> Yabut, Francis K. | F33: 28 | G33: 47 | H33: 19 | P33: =IF(COUNT($F33:$O33)=0,"",SUM($F33:$O33)) -> 94 | Q33: =IF(ISERROR(IF($P33="","",ROUND(($P33/$P$10)*$Q$10,2))),"",IF($P33="","",ROUND(($P33/$P$10)*$Q$10,2))) -> 94 | R33: =IF($Q33="","",ROUND($Q33*$R$10,2)) -> 28.2 | S33: 22 | AC33: =IF(COUNT($S33:$AB33)=0,"",SUM($S33:$AB33)) -> 22 | AD33: =IF(ISERROR(IF($AC33="","",ROUND(($AC33/$AC$10)*$AD$10,2))),"",IF($AC33="","",ROUND(($AC33/$AC$10)*$AD$10,2))) -> 88 | AE33: =IF($AD33="","",ROUND($AD33*$AE$10,2)) -> 44 | AF33: 48 | AG33: =IF(ISERROR(IF($AF33="","",ROUND(($AF33/$AF$10)*$AG$10,2))),"",IF($AF33="","",ROUND(($AF33/$AF$10)*$AG$10,2))) -> 96 | AH33: =IF($AG33="","",ROUND($AG33*$AH$10,2)) -> 19.2 | AI33: =IF(ISERROR(IF($AF33="","",ROUND(SUM($R33,$AE33,$AH33),2))),"",IF($AF33="","",ROUND(SUM($R33,$AE33,$AH33),2))) -> 91.4 | AJ33: =IF(ISERROR(IF($AF33="","",VLOOKUP(AI33,TRANSMUTATION_TABLE,4,TRUE))),"",IF($AF33="","",VLOOKUP(AI33,TRANSMUTATION_TABLE,4,TRUE))) -> 94
A34: 23 | B34: ='INPUT DATA'!B34 -> 0 | P34: =IF(COUNT($F34:$O34)=0,"",SUM($F34:$O34)) | Q34: =IF(ISERROR(IF($P34="","",ROUND(($P34/$P$10)*$Q$10,2))),"",IF($P34="","",ROUND(($P34/$P$10)*$Q$10,2))) | R34: =IF($Q34="","",ROUND($Q34*$R$10,2)) | AC34: =IF(COUNT($S34:$AB34)=0,"",SUM($S34:$AB34)) | AD34: =IF(ISERROR(IF($AC34="","",ROUND(($AC34/$AC$10)*$AD$10,2))),"",IF($AC34="","",ROUND(($AC34/$AC$10)*$AD$10,2))) | AE34: =IF($AD34="","",ROUND($AD34*$AE$10,2)) | AG34: =IF(ISERROR(IF($AF34="","",ROUND(($AF34/$AF$10)*$AG$10,2))),"",IF($AF34="","",ROUND(($AF34/$AF$10)*$AG$10,2))) | AH34: =IF($AG34="","",ROUND($AG34*$AH$10,2)) | AI34: =IF(ISERROR(IF($AF34="","",ROUND(SUM($R34,$AE34,$AH34),2))),"",IF($AF34="","",ROUND(SUM($R34,$AE34,$AH34),2))) | AJ34: =IF(ISERROR(IF($AF34="","",VLOOKUP(AI34,TRANSMUTATION_TABLE,4,TRUE))),"",IF($AF34="","",VLOOKUP(AI34,TRANSMUTATION_TABLE,4,TRUE)))
A35: 24 | B35: ='INPUT DATA'!B35 -> 0 | P35: =IF(COUNT($F35:$O35)=0,"",SUM($F35:$O35)) | Q35: =IF(ISERROR(IF($P35="","",ROUND(($P35/$P$10)*$Q$10,2))),"",IF($P35="","",ROUND(($P35/$P$10)*$Q$10,2))) | R35: =IF($Q35="","",ROUND($Q35*$R$10,2)) | AC35: =IF(COUNT($S35:$AB35)=0,"",SUM($S35:$AB35)) | AD35: =IF(ISERROR(IF($AC35="","",ROUND(($AC35/$AC$10)*$AD$10,2))),"",IF($AC35="","",ROUND(($AC35/$AC$10)*$AD$10,2))) | AE35: =IF($AD35="","",ROUND($AD35*$AE$10,2)) | AG35: =IF(ISERROR(IF($AF35="","",ROUND(($AF35/$AF$10)*$AG$10,2))),"",IF($AF35="","",ROUND(($AF35/$AF$10)*$AG$10,2))) | AH35: =IF($AG35="","",ROUND($AG35*$AH$10,2)) | AI35: =IF(ISERROR(IF($AF35="","",ROUND(SUM($R35,$AE35,$AH35),2))),"",IF($AF35="","",ROUND(SUM($R35,$AE35,$AH35),2))) | AJ35: =IF(ISERROR(IF($AF35="","",VLOOKUP(AI35,TRANSMUTATION_TABLE,4,TRUE))),"",IF($AF35="","",VLOOKUP(AI35,TRANSMUTATION_TABLE,4,TRUE)))
A36: 25 | B36: ='INPUT DATA'!B36 -> 0 | P36: =IF(COUNT($F36:$O36)=0,"",SUM($F36:$O36)) | Q36: =IF(ISERROR(IF($P36="","",ROUND(($P36/$P$10)*$Q$10,2))),"",IF($P36="","",ROUND(($P36/$P$10)*$Q$10,2))) | R36: =IF($Q36="","",ROUND($Q36*$R$10,2)) | AC36: =IF(COUNT($S36:$AB36)=0,"",SUM($S36:$AB36)) | AD36: =IF(ISERROR(IF($AC36="","",ROUND(($AC36/$AC$10)*$AD$10,2))),"",IF($AC36="","",ROUND(($AC36/$AC$10)*$AD$10,2))) | AE36: =IF($AD36="","",ROUND($AD36*$AE$10,2)) | AG36: =IF(ISERROR(IF($AF36="","",ROUND(($AF36/$AF$10)*$AG$10,2))),"",IF($AF36="","",ROUND(($AF36/$AF$10)*$AG$10,2))) | AH36: =IF($AG36="","",ROUND($AG36*$AH$10,2)) | AI36: =IF(ISERROR(IF($AF36="","",ROUND(SUM($R36,$AE36,$AH36),2))),"",IF($AF36="","",ROUND(SUM($R36,$AE36,$AH36),2))) | AJ36: =IF(ISERROR(IF($AF36="","",VLOOKUP(AI36,TRANSMUTATION_TABLE,4,TRUE))),"",IF($AF36="","",VLOOKUP(AI36,TRANSMUTATION_TABLE,4,TRUE)))
A37: 26 | B37: ='INPUT DATA'!B37 -> 0 | P37: =IF(COUNT($F37:$O37)=0,"",SUM($F37:$O37)) | Q37: =IF(ISERROR(IF($P37="","",ROUND(($P37/$P$10)*$Q$10,2))),"",IF($P37="","",ROUND(($P37/$P$10)*$Q$10,2))) | R37: =IF($Q37="","",ROUND($Q37*$R$10,2)) | AC37: =IF(COUNT($S37:$AB37)=0,"",SUM($S37:$AB37)) | AD37: =IF(ISERROR(IF($AC37="","",ROUND(($AC37/$AC$10)*$AD$10,2))),"",IF($AC37="","",ROUND(($AC37/$AC$10)*$AD$10,2))) | AE37: =IF($AD37="","",ROUND($AD37*$AE$10,2)) | AG37: =IF(ISERROR(IF($AF37="","",ROUND(($AF37/$AF$10)*$AG$10,2))),"",IF($AF37="","",ROUND(($AF37/$AF$10)*$AG$10,2))) | AH37: =IF($AG37="","",ROUND($AG37*$AH$10,2)) | AI37: =IF(ISERROR(IF($AF37="","",ROUND(SUM($R37,$AE37,$AH37),2))),"",IF($AF37="","",ROUND(SUM($R37,$AE37,$AH37),2))) | AJ37: =IF(ISERROR(IF($AF37="","",VLOOKUP(AI37,TRANSMUTATION_TABLE,4,TRUE))),"",IF($AF37="","",VLOOKUP(AI37,TRANSMUTATION_TABLE,4,TRUE)))
A38: 27 | B38: ='INPUT DATA'!B38 -> 0 | P38: =IF(COUNT($F38:$O38)=0,"",SUM($F38:$O38)) | Q38: =IF(ISERROR(IF($P38="","",ROUND(($P38/$P$10)*$Q$10,2))),"",IF($P38="","",ROUND(($P38/$P$10)*$Q$10,2))) | R38: =IF($Q38="","",ROUND($Q38*$R$10,2)) | AC38: =IF(COUNT($S38:$AB38)=0,"",SUM($S38:$AB38)) | AD38: =IF(ISERROR(IF($AC38="","",ROUND(($AC38/$AC$10)*$AD$10,2))),"",IF($AC38="","",ROUND(($AC38/$AC$10)*$AD$10,2))) | AE38: =IF($AD38="","",ROUND($AD38*$AE$10,2)) | AG38: =IF(ISERROR(IF($AF38="","",ROUND(($AF38/$AF$10)*$AG$10,2))),"",IF($AF38="","",ROUND(($AF38/$AF$10)*$AG$10,2))) | AH38: =IF($AG38="","",ROUND($AG38*$AH$10,2)) | AI38: =IF(ISERROR(IF($AF38="","",ROUND(SUM($R38,$AE38,$AH38),2))),"",IF($AF38="","",ROUND(SUM($R38,$AE38,$AH38),2))) | AJ38: =IF(ISERROR(IF($AF38="","",VLOOKUP(AI38,TRANSMUTATION_TABLE,4,TRUE))),"",IF($AF38="","",VLOOKUP(AI38,TRANSMUTATION_TABLE,4,TRUE)))
A39: 28 | B39: ='INPUT DATA'!B39 -> 0 | P39: =IF(COUNT($F39:$O39)=0,"",SUM($F39:$O39)) | Q39: =IF(ISERROR(IF($P39="","",ROUND(($P39/$P$10)*$Q$10,2))),"",IF($P39="","",ROUND(($P39/$P$10)*$Q$10,2))) | R39: =IF($Q39="","",ROUND($Q39*$R$10,2)) | AC39: =IF(COUNT($S39:$AB39)=0,"",SUM($S39:$AB39)) | AD39: =IF(ISERROR(IF($AC39="","",ROUND(($AC39/$AC$10)*$AD$10,2))),"",IF($AC39="","",ROUND(($AC39/$AC$10)*$AD$10,2))) | AE39: =IF($AD39="","",ROUND($AD39*$AE$10,2)) | AG39: =IF(ISERROR(IF($AF39="","",ROUND(($AF39/$AF$10)*$AG$10,2))),"",IF($AF39="","",ROUND(($AF39/$AF$10)*$AG$10,2))) | AH39: =IF($AG39="","",ROUND($AG39*$AH$10,2)) | AI39: =IF(ISERROR(IF($AF39="","",ROUND(SUM($R39,$AE39,$AH39),2))),"",IF($AF39="","",ROUND(SUM($R39,$AE39,$AH39),2))) | AJ39: =IF(ISERROR(IF($AF39="","",VLOOKUP(AI39,TRANSMUTATION_TABLE,4,TRUE))),"",IF($AF39="","",VLOOKUP(AI39,TRANSMUTATION_TABLE,4,TRUE)))
A40: 29 | B40: ='INPUT DATA'!B40 -> 0 | P40: =IF(COUNT($F40:$O40)=0,"",SUM($F40:$O40)) | Q40: =IF(ISERROR(IF($P40="","",ROUND(($P40/$P$10)*$Q$10,2))),"",IF($P40="","",ROUND(($P40/$P$10)*$Q$10,2))) | R40: =IF($Q40="","",ROUND($Q40*$R$10,2)) | AC40: =IF(COUNT($S40:$AB40)=0,"",SUM($S40:$AB40)) | AD40: =IF(ISERROR(IF($AC40="","",ROUND(($AC40/$AC$10)*$AD$10,2))),"",IF($AC40="","",ROUND(($AC40/$AC$10)*$AD$10,2))) | AE40: =IF($AD40="","",ROUND($AD40*$AE$10,2)) | AG40: =IF(ISERROR(IF($AF40="","",ROUND(($AF40/$AF$10)*$AG$10,2))),"",IF($AF40="","",ROUND(($AF40/$AF$10)*$AG$10,2))) | AH40: =IF($AG40="","",ROUND($AG40*$AH$10,2)) | AI40: =IF(ISERROR(IF($AF40="","",ROUND(SUM($R40,$AE40,$AH40),2))),"",IF($AF40="","",ROUND(SUM($R40,$AE40,$AH40),2))) | AJ40: =IF(ISERROR(IF($AF40="","",VLOOKUP(AI40,TRANSMUTATION_TABLE,4,TRUE))),"",IF($AF40="","",VLOOKUP(AI40,TRANSMUTATION_TABLE,4,TRUE)))
A41: 30 | B41: ='INPUT DATA'!B41 -> 0 | P41: =IF(COUNT($F41:$O41)=0,"",SUM($F41:$O41)) | Q41: =IF(ISERROR(IF($P41="","",ROUND(($P41/$P$10)*$Q$10,2))),"",IF($P41="","",ROUND(($P41/$P$10)*$Q$10,2))) | R41: =IF($Q41="","",ROUND($Q41*$R$10,2)) | AC41: =IF(COUNT($S41:$AB41)=0,"",SUM($S41:$AB41)) | AD41: =IF(ISERROR(IF($AC41="","",ROUND(($AC41/$AC$10)*$AD$10,2))),"",IF($AC41="","",ROUND(($AC41/$AC$10)*$AD$10,2))) | AE41: =IF($AD41="","",ROUND($AD41*$AE$10,2)) | AG41: =IF(ISERROR(IF($AF41="","",ROUND(($AF41/$AF$10)*$AG$10,2))),"",IF($AF41="","",ROUND(($AF41/$AF$10)*$AG$10,2))) | AH41: =IF($AG41="","",ROUND($AG41*$AH$10,2)) | AI41: =IF(ISERROR(IF($AF41="","",ROUND(SUM($R41,$AE41,$AH41),2))),"",IF($AF41="","",ROUND(SUM($R41,$AE41,$AH41),2))) | AJ41: =IF(ISERROR(IF($AF41="","",VLOOKUP(AI41,TRANSMUTATION_TABLE,4,TRUE))),"",IF($AF41="","",VLOOKUP(AI41,TRANSMUTATION_TABLE,4,TRUE)))
A42: 31 | B42: ='INPUT DATA'!B42 -> 0 | P42: =IF(COUNT($F42:$O42)=0,"",SUM($F42:$O42)) | Q42: =IF(ISERROR(IF($P42="","",ROUND(($P42/$P$10)*$Q$10,2))),"",IF($P42="","",ROUND(($P42/$P$10)*$Q$10,2))) | R42: =IF($Q42="","",ROUND($Q42*$R$10,2)) | AC42: =IF(COUNT($S42:$AB42)=0,"",SUM($S42:$AB42)) | AD42: =IF(ISERROR(IF($AC42="","",ROUND(($AC42/$AC$10)*$AD$10,2))),"",IF($AC42="","",ROUND(($AC42/$AC$10)*$AD$10,2))) | AE42: =IF($AD42="","",ROUND($AD42*$AE$10,2)) | AG42: =IF(ISERROR(IF($AF42="","",ROUND(($AF42/$AF$10)*$AG$10,2))),"",IF($AF42="","",ROUND(($AF42/$AF$10)*$AG$10,2))) | AH42: =IF($AG42="","",ROUND($AG42*$AH$10,2)) | AI42: =IF(ISERROR(IF($AF42="","",ROUND(SUM($R42,$AE42,$AH42),2))),"",IF($AF42="","",ROUND(SUM($R42,$AE42,$AH42),2))) | AJ42: =IF(ISERROR(IF($AF42="","",VLOOKUP(AI42,TRANSMUTATION_TABLE,4,TRUE))),"",IF($AF42="","",VLOOKUP(AI42,TRANSMUTATION_TABLE,4,TRUE)))
A43: 32 | B43: ='INPUT DATA'!B43 -> 0 | P43: =IF(COUNT($F43:$O43)=0,"",SUM($F43:$O43)) | Q43: =IF(ISERROR(IF($P43="","",ROUND(($P43/$P$10)*$Q$10,2))),"",IF($P43="","",ROUND(($P43/$P$10)*$Q$10,2))) | R43: =IF($Q43="","",ROUND($Q43*$R$10,2)) | AC43: =IF(COUNT($S43:$AB43)=0,"",SUM($S43:$AB43)) | AD43: =IF(ISERROR(IF($AC43="","",ROUND(($AC43/$AC$10)*$AD$10,2))),"",IF($AC43="","",ROUND(($AC43/$AC$10)*$AD$10,2))) | AE43: =IF($AD43="","",ROUND($AD43*$AE$10,2)) | AG43: =IF(ISERROR(IF($AF43="","",ROUND(($AF43/$AF$10)*$AG$10,2))),"",IF($AF43="","",ROUND(($AF43/$AF$10)*$AG$10,2))) | AH43: =IF($AG43="","",ROUND($AG43*$AH$10,2)) | AI43: =IF(ISERROR(IF($AF43="","",ROUND(SUM($R43,$AE43,$AH43),2))),"",IF($AF43="","",ROUND(SUM($R43,$AE43,$AH43),2))) | AJ43: =IF(ISERROR(IF($AF43="","",VLOOKUP(AI43,TRANSMUTATION_TABLE,4,TRUE))),"",IF($AF43="","",VLOOKUP(AI43,TRANSMUTATION_TABLE,4,TRUE)))
A44: 33 | B44: ='INPUT DATA'!B44 -> 0 | P44: =IF(COUNT($F44:$O44)=0,"",SUM($F44:$O44)) | Q44: =IF(ISERROR(IF($P44="","",ROUND(($P44/$P$10)*$Q$10,2))),"",IF($P44="","",ROUND(($P44/$P$10)*$Q$10,2))) | R44: =IF($Q44="","",ROUND($Q44*$R$10,2)) | AC44: =IF(COUNT($S44:$AB44)=0,"",SUM($S44:$AB44)) | AD44: =IF(ISERROR(IF($AC44="","",ROUND(($AC44/$AC$10)*$AD$10,2))),"",IF($AC44="","",ROUND(($AC44/$AC$10)*$AD$10,2))) | AE44: =IF($AD44="","",ROUND($AD44*$AE$10,2)) | AG44: =IF(ISERROR(IF($AF44="","",ROUND(($AF44/$AF$10)*$AG$10,2))),"",IF($AF44="","",ROUND(($AF44/$AF$10)*$AG$10,2))) | AH44: =IF($AG44="","",ROUND($AG44*$AH$10,2)) | AI44: =IF(ISERROR(IF($AF44="","",ROUND(SUM($R44,$AE44,$AH44),2))),"",IF($AF44="","",ROUND(SUM($R44,$AE44,$AH44),2))) | AJ44: =IF(ISERROR(IF($AF44="","",VLOOKUP(AI44,TRANSMUTATION_TABLE,4,TRUE))),"",IF($AF44="","",VLOOKUP(AI44,TRANSMUTATION_TABLE,4,TRUE)))
A45: 34 | B45: ='INPUT DATA'!B45 -> 0 | P45: =IF(COUNT($F45:$O45)=0,"",SUM($F45:$O45)) | Q45: =IF(ISERROR(IF($P45="","",ROUND(($P45/$P$10)*$Q$10,2))),"",IF($P45="","",ROUND(($P45/$P$10)*$Q$10,2))) | R45: =IF($Q45="","",ROUND($Q45*$R$10,2)) | AC45: =IF(COUNT($S45:$AB45)=0,"",SUM($S45:$AB45)) | AD45: =IF(ISERROR(IF($AC45="","",ROUND(($AC45/$AC$10)*$AD$10,2))),"",IF($AC45="","",ROUND(($AC45/$AC$10)*$AD$10,2))) | AE45: =IF($AD45="","",ROUND($AD45*$AE$10,2)) | AG45: =IF(ISERROR(IF($AF45="","",ROUND(($AF45/$AF$10)*$AG$10,2))),"",IF($AF45="","",ROUND(($AF45/$AF$10)*$AG$10,2))) | AH45: =IF($AG45="","",ROUND($AG45*$AH$10,2)) | AI45: =IF(ISERROR(IF($AF45="","",ROUND(SUM($R45,$AE45,$AH45),2))),"",IF($AF45="","",ROUND(SUM($R45,$AE45,$AH45),2))) | AJ45: =IF(ISERROR(IF($AF45="","",VLOOKUP(AI45,TRANSMUTATION_TABLE,4,TRUE))),"",IF($AF45="","",VLOOKUP(AI45,TRANSMUTATION_TABLE,4,TRUE)))
... A61: 50 | B61: ='INPUT DATA'!B61 -> 0 | P61: =IF(COUNT($F61:$O61)=0,"",SUM($F61:$O61)) | Q61: =IF(ISERROR(IF($P61="","",ROUND(($P61/$P$10)*$Q$10,2))),"",IF($P61="","",ROUND(($P61/$P$10)*$Q$10,2))) | R61: =IF($Q61="","",ROUND($Q61*$R$10,2)) | AC61: =IF(COUNT($S61:$AB61)=0,"",SUM($S61:$AB61)) | AD61: =IF(ISERROR(IF($AC61="","",ROUND(($AC61/$AC$10)*$AD$10,2))),"",IF($AC61="","",ROUND(($AC61/$AC$10)*$AD$10,2))) | AE61: =IF($AD61="","",ROUND($AD61*$AE$10,2)) | AG61: =IF(ISERROR(IF($AF61="","",ROUND(($AF61/$AF$10)*$AG$10,2))),"",IF($AF61="","",ROUND(($AF61/$AF$10)*$AG$10,2))) | AH61: =IF($AG61="","",ROUND($AG61*$AH$10,2)) | AI61: =IF(ISERROR(IF($AF61="","",ROUND(SUM($R61,$AE61,$AH61),2))),"",IF($AF61="","",ROUND(SUM($R61,$AE61,$AH61),2))) | AJ61: =IF(ISERROR(IF($AF61="","",VLOOKUP(AI61,TRANSMUTATION_TABLE,4,TRUE))),"",IF($AF61="","",VLOOKUP(AI61,TRANSMUTATION_TABLE,4,TRUE)))
B62: FEMALE
A63: 1 | B63: ='INPUT DATA'!B63 -> Tokoyami, Towa H. | F63: 28 | G63: 45 | H63: 20 | P63: =IF(COUNT($F63:$O63)=0,"",SUM($F63:$O63)) -> 93 | Q63: =IF(ISERROR(IF($P63="","",ROUND(($P63/$P$10)*$Q$10,2))),"",IF($P63="","",ROUND(($P63/$P$10)*$Q$10,2))) -> 93 | R63: =IF($Q63="","",ROUND($Q63*$R$10,2)) -> 27.9 | S63: 19 | AC63: =IF(COUNT($S63:$AB63)=0,"",SUM($S63:$AB63)) -> 19 | AD63: =IF(ISERROR(IF($AC63="","",ROUND(($AC63/$AC$10)*$AD$10,2))),"",IF($AC63="","",ROUND(($AC63/$AC$10)*$AD$10,2))) -> 76 | AE63: =IF($AD63="","",ROUND($AD63*$AE$10,2)) -> 38 | AF63: 49 | AG63: =IF(ISERROR(IF($AF63="","",ROUND(($AF63/$AF$10)*$AG$10,2))),"",IF($AF63="","",ROUND(($AF63/$AF$10)*$AG$10,2))) -> 98 | AH63: =IF($AG63="","",ROUND($AG63*$AH$10,2)) -> 19.6 | AI63: =IF(ISERROR(IF($AF63="","",ROUND(SUM($R63,$AE63,$AH63),2))),"",IF($AF63="","",ROUND(SUM($R63,$AE63,$AH63),2))) -> 85.5 | AJ63: =IF(ISERROR(IF($AF63="","",VLOOKUP(AI63,TRANSMUTATION_TABLE,4,TRUE))),"",IF($AF63="","",VLOOKUP(AI63,TRANSMUTATION_TABLE,4,TRUE))) -> 90
A64: 2 | B64: ='INPUT DATA'!B64 -> Piatos, Mary Grace O. | F64: 30 | G64: 48 | H64: 18 | P64: =IF(COUNT($F64:$O64)=0,"",SUM($F64:$O64)) -> 96 | Q64: =IF(ISERROR(IF($P64="","",ROUND(($P64/$P$10)*$Q$10,2))),"",IF($P64="","",ROUND(($P64/$P$10)*$Q$10,2))) -> 96 | R64: =IF($Q64="","",ROUND($Q64*$R$10,2)) -> 28.8 | S64: 24 | AC64: =IF(COUNT($S64:$AB64)=0,"",SUM($S64:$AB64)) -> 24 | AD64: =IF(ISERROR(IF($AC64="","",ROUND(($AC64/$AC$10)*$AD$10,2))),"",IF($AC64="","",ROUND(($AC64/$AC$10)*$AD$10,2))) -> 96 | AE64: =IF($AD64="","",ROUND($AD64*$AE$10,2)) -> 48 | AF64: 48 | AG64: =IF(ISERROR(IF($AF64="","",ROUND(($AF64/$AF$10)*$AG$10,2))),"",IF($AF64="","",ROUND(($AF64/$AF$10)*$AG$10,2))) -> 96 | AH64: =IF($AG64="","",ROUND($AG64*$AH$10,2)) -> 19.2 | AI64: =IF(ISERROR(IF($AF64="","",ROUND(SUM($R64,$AE64,$AH64),2))),"",IF($AF64="","",ROUND(SUM($R64,$AE64,$AH64),2))) -> 96 | AJ64: =IF(ISERROR(IF($AF64="","",VLOOKUP(AI64,TRANSMUTATION_TABLE,4,TRUE))),"",IF($AF64="","",VLOOKUP(AI64,TRANSMUTATION_TABLE,4,TRUE))) -> 97
A65: 3 | B65: ='INPUT DATA'!B65 -> Bautista, Elena M. | F65: 29 | G65: 49 | H65: 19 | P65: =IF(COUNT($F65:$O65)=0,"",SUM($F65:$O65)) -> 97 | Q65: =IF(ISERROR(IF($P65="","",ROUND(($P65/$P$10)*$Q$10,2))),"",IF($P65="","",ROUND(($P65/$P$10)*$Q$10,2))) -> 97 | R65: =IF($Q65="","",ROUND($Q65*$R$10,2)) -> 29.1 | S65: 19 | AC65: =IF(COUNT($S65:$AB65)=0,"",SUM($S65:$AB65)) -> 19 | AD65: =IF(ISERROR(IF($AC65="","",ROUND(($AC65/$AC$10)*$AD$10,2))),"",IF($AC65="","",ROUND(($AC65/$AC$10)*$AD$10,2))) -> 76 | AE65: =IF($AD65="","",ROUND($AD65*$AE$10,2)) -> 38 | AF65: 45 | AG65: =IF(ISERROR(IF($AF65="","",ROUND(($AF65/$AF$10)*$AG$10,2))),"",IF($AF65="","",ROUND(($AF65/$AF$10)*$AG$10,2))) -> 90 | AH65: =IF($AG65="","",ROUND($AG65*$AH$10,2)) -> 18 | AI65: =IF(ISERROR(IF($AF65="","",ROUND(SUM($R65,$AE65,$AH65),2))),"",IF($AF65="","",ROUND(SUM($R65,$AE65,$AH65),2))) -> 85.1 | AJ65: =IF(ISERROR(IF($AF65="","",VLOOKUP(AI65,TRANSMUTATION_TABLE,4,TRUE))),"",IF($AF65="","",VLOOKUP(AI65,TRANSMUTATION_TABLE,4,TRUE))) -> 90
A66: 4 | B66: ='INPUT DATA'!B66 -> Castillo, Isabella D. | F66: 25 | G66: 47 | H66: 17 | P66: =IF(COUNT($F66:$O66)=0,"",SUM($F66:$O66)) -> 89 | Q66: =IF(ISERROR(IF($P66="","",ROUND(($P66/$P$10)*$Q$10,2))),"",IF($P66="","",ROUND(($P66/$P$10)*$Q$10,2))) -> 89 | R66: =IF($Q66="","",ROUND($Q66*$R$10,2)) -> 26.7 | S66: 25 | AC66: =IF(COUNT($S66:$AB66)=0,"",SUM($S66:$AB66)) -> 25 | AD66: =IF(ISERROR(IF($AC66="","",ROUND(($AC66/$AC$10)*$AD$10,2))),"",IF($AC66="","",ROUND(($AC66/$AC$10)*$AD$10,2))) -> 100 | AE66: =IF($AD66="","",ROUND($AD66*$AE$10,2)) -> 50 | AF66: 48 | AG66: =IF(ISERROR(IF($AF66="","",ROUND(($AF66/$AF$10)*$AG$10,2))),"",IF($AF66="","",ROUND(($AF66/$AF$10)*$AG$10,2))) -> 96 | AH66: =IF($AG66="","",ROUND($AG66*$AH$10,2)) -> 19.2 | AI66: =IF(ISERROR(IF($AF66="","",ROUND(SUM($R66,$AE66,$AH66),2))),"",IF($AF66="","",ROUND(SUM($R66,$AE66,$AH66),2))) -> 95.9 | AJ66: =IF(ISERROR(IF($AF66="","",VLOOKUP(AI66,TRANSMUTATION_TABLE,4,TRUE))),"",IF($AF66="","",VLOOKUP(AI66,TRANSMUTATION_TABLE,4,TRUE))) -> 97
A67: 5 | B67: ='INPUT DATA'!B67 -> Domingo, Chloe A. | F67: 28 | G67: 50 | H67: 18 | P67: =IF(COUNT($F67:$O67)=0,"",SUM($F67:$O67)) -> 96 | Q67: =IF(ISERROR(IF($P67="","",ROUND(($P67/$P$10)*$Q$10,2))),"",IF($P67="","",ROUND(($P67/$P$10)*$Q$10,2))) -> 96 | R67: =IF($Q67="","",ROUND($Q67*$R$10,2)) -> 28.8 | S67: 24 | AC67: =IF(COUNT($S67:$AB67)=0,"",SUM($S67:$AB67)) -> 24 | AD67: =IF(ISERROR(IF($AC67="","",ROUND(($AC67/$AC$10)*$AD$10,2))),"",IF($AC67="","",ROUND(($AC67/$AC$10)*$AD$10,2))) -> 96 | AE67: =IF($AD67="","",ROUND($AD67*$AE$10,2)) -> 48 | AF67: 49 | AG67: =IF(ISERROR(IF($AF67="","",ROUND(($AF67/$AF$10)*$AG$10,2))),"",IF($AF67="","",ROUND(($AF67/$AF$10)*$AG$10,2))) -> 98 | AH67: =IF($AG67="","",ROUND($AG67*$AH$10,2)) -> 19.6 | AI67: =IF(ISERROR(IF($AF67="","",ROUND(SUM($R67,$AE67,$AH67),2))),"",IF($AF67="","",ROUND(SUM($R67,$AE67,$AH67),2))) -> 96.4 | AJ67: =IF(ISERROR(IF($AF67="","",VLOOKUP(AI67,TRANSMUTATION_TABLE,4,TRUE))),"",IF($AF67="","",VLOOKUP(AI67,TRANSMUTATION_TABLE,4,TRUE))) -> 97
A68: 6 | B68: ='INPUT DATA'!B68 -> Evangelista, Mia K. | F68: 25 | G68: 49 | H68: 17 | P68: =IF(COUNT($F68:$O68)=0,"",SUM($F68:$O68)) -> 91 | Q68: =IF(ISERROR(IF($P68="","",ROUND(($P68/$P$10)*$Q$10,2))),"",IF($P68="","",ROUND(($P68/$P$10)*$Q$10,2))) -> 91 | R68: =IF($Q68="","",ROUND($Q68*$R$10,2)) -> 27.3 | S68: 25 | AC68: =IF(COUNT($S68:$AB68)=0,"",SUM($S68:$AB68)) -> 25 | AD68: =IF(ISERROR(IF($AC68="","",ROUND(($AC68/$AC$10)*$AD$10,2))),"",IF($AC68="","",ROUND(($AC68/$AC$10)*$AD$10,2))) -> 100 | AE68: =IF($AD68="","",ROUND($AD68*$AE$10,2)) -> 50 | AF68: 48 | AG68: =IF(ISERROR(IF($AF68="","",ROUND(($AF68/$AF$10)*$AG$10,2))),"",IF($AF68="","",ROUND(($AF68/$AF$10)*$AG$10,2))) -> 96 | AH68: =IF($AG68="","",ROUND($AG68*$AH$10,2)) -> 19.2 | AI68: =IF(ISERROR(IF($AF68="","",ROUND(SUM($R68,$AE68,$AH68),2))),"",IF($AF68="","",ROUND(SUM($R68,$AE68,$AH68),2))) -> 96.5 | AJ68: =IF(ISERROR(IF($AF68="","",VLOOKUP(AI68,TRANSMUTATION_TABLE,4,TRUE))),"",IF($AF68="","",VLOOKUP(AI68,TRANSMUTATION_TABLE,4,TRUE))) -> 97
A69: 7 | B69: ='INPUT DATA'!B69 -> Ferrer, Jasmine P. | F69: 30 | G69: 40 | H69: 20 | P69: =IF(COUNT($F69:$O69)=0,"",SUM($F69:$O69)) -> 90 | Q69: =IF(ISERROR(IF($P69="","",ROUND(($P69/$P$10)*$Q$10,2))),"",IF($P69="","",ROUND(($P69/$P$10)*$Q$10,2))) -> 90 | R69: =IF($Q69="","",ROUND($Q69*$R$10,2)) -> 27 | S69: 19 | AC69: =IF(COUNT($S69:$AB69)=0,"",SUM($S69:$AB69)) -> 19 | AD69: =IF(ISERROR(IF($AC69="","",ROUND(($AC69/$AC$10)*$AD$10,2))),"",IF($AC69="","",ROUND(($AC69/$AC$10)*$AD$10,2))) -> 76 | AE69: =IF($AD69="","",ROUND($AD69*$AE$10,2)) -> 38 | AF69: 45 | AG69: =IF(ISERROR(IF($AF69="","",ROUND(($AF69/$AF$10)*$AG$10,2))),"",IF($AF69="","",ROUND(($AF69/$AF$10)*$AG$10,2))) -> 90 | AH69: =IF($AG69="","",ROUND($AG69*$AH$10,2)) -> 18 | AI69: =IF(ISERROR(IF($AF69="","",ROUND(SUM($R69,$AE69,$AH69),2))),"",IF($AF69="","",ROUND(SUM($R69,$AE69,$AH69),2))) -> 83 | AJ69: =IF(ISERROR(IF($AF69="","",VLOOKUP(AI69,TRANSMUTATION_TABLE,4,TRUE))),"",IF($AF69="","",VLOOKUP(AI69,TRANSMUTATION_TABLE,4,TRUE))) -> 89
A70: 8 | B70: ='INPUT DATA'!B70 -> Gonzales, Beatrice F. | F70: 25 | G70: 49 | H70: 19 | P70: =IF(COUNT($F70:$O70)=0,"",SUM($F70:$O70)) -> 93 | Q70: =IF(ISERROR(IF($P70="","",ROUND(($P70/$P$10)*$Q$10,2))),"",IF($P70="","",ROUND(($P70/$P$10)*$Q$10,2))) -> 93 | R70: =IF($Q70="","",ROUND($Q70*$R$10,2)) -> 27.9 | S70: 22 | AC70: =IF(COUNT($S70:$AB70)=0,"",SUM($S70:$AB70)) -> 22 | AD70: =IF(ISERROR(IF($AC70="","",ROUND(($AC70/$AC$10)*$AD$10,2))),"",IF($AC70="","",ROUND(($AC70/$AC$10)*$AD$10,2))) -> 88 | AE70: =IF($AD70="","",ROUND($AD70*$AE$10,2)) -> 44 | AF70: 48 | AG70: =IF(ISERROR(IF($AF70="","",ROUND(($AF70/$AF$10)*$AG$10,2))),"",IF($AF70="","",ROUND(($AF70/$AF$10)*$AG$10,2))) -> 96 | AH70: =IF($AG70="","",ROUND($AG70*$AH$10,2)) -> 19.2 | AI70: =IF(ISERROR(IF($AF70="","",ROUND(SUM($R70,$AE70,$AH70),2))),"",IF($AF70="","",ROUND(SUM($R70,$AE70,$AH70),2))) -> 91.1 | AJ70: =IF(ISERROR(IF($AF70="","",VLOOKUP(AI70,TRANSMUTATION_TABLE,4,TRUE))),"",IF($AF70="","",VLOOKUP(AI70,TRANSMUTATION_TABLE,4,TRUE))) -> 94
A71: 9 | B71: ='INPUT DATA'!B71 -> Herrera, Naomi G. | F71: 28 | G71: 47 | H71: 18 | P71: =IF(COUNT($F71:$O71)=0,"",SUM($F71:$O71)) -> 93 | Q71: =IF(ISERROR(IF($P71="","",ROUND(($P71/$P$10)*$Q$10,2))),"",IF($P71="","",ROUND(($P71/$P$10)*$Q$10,2))) -> 93 | R71: =IF($Q71="","",ROUND($Q71*$R$10,2)) -> 27.9 | S71: 25 | AC71: =IF(COUNT($S71:$AB71)=0,"",SUM($S71:$AB71)) -> 25 | AD71: =IF(ISERROR(IF($AC71="","",ROUND(($AC71/$AC$10)*$AD$10,2))),"",IF($AC71="","",ROUND(($AC71/$AC$10)*$AD$10,2))) -> 100 | AE71: =IF($AD71="","",ROUND($AD71*$AE$10,2)) -> 50 | AF71: 49 | AG71: =IF(ISERROR(IF($AF71="","",ROUND(($AF71/$AF$10)*$AG$10,2))),"",IF($AF71="","",ROUND(($AF71/$AF$10)*$AG$10,2))) -> 98 | AH71: =IF($AG71="","",ROUND($AG71*$AH$10,2)) -> 19.6 | AI71: =IF(ISERROR(IF($AF71="","",ROUND(SUM($R71,$AE71,$AH71),2))),"",IF($AF71="","",ROUND(SUM($R71,$AE71,$AH71),2))) -> 97.5 | AJ71: =IF(ISERROR(IF($AF71="","",VLOOKUP(AI71,TRANSMUTATION_TABLE,4,TRUE))),"",IF($AF71="","",VLOOKUP(AI71,TRANSMUTATION_TABLE,4,TRUE))) -> 98
A72: 10 | B72: ='INPUT DATA'!B72 -> Ibarra, Penelope C. | F72: 29 | G72: 45 | H72: 17 | P72: =IF(COUNT($F72:$O72)=0,"",SUM($F72:$O72)) -> 91 | Q72: =IF(ISERROR(IF($P72="","",ROUND(($P72/$P$10)*$Q$10,2))),"",IF($P72="","",ROUND(($P72/$P$10)*$Q$10,2))) -> 91 | R72: =IF($Q72="","",ROUND($Q72*$R$10,2)) -> 27.3 | S72: 19 | AC72: =IF(COUNT($S72:$AB72)=0,"",SUM($S72:$AB72)) -> 19 | AD72: =IF(ISERROR(IF($AC72="","",ROUND(($AC72/$AC$10)*$AD$10,2))),"",IF($AC72="","",ROUND(($AC72/$AC$10)*$AD$10,2))) -> 76 | AE72: =IF($AD72="","",ROUND($AD72*$AE$10,2)) -> 38 | AF72: 45 | AG72: =IF(ISERROR(IF($AF72="","",ROUND(($AF72/$AF$10)*$AG$10,2))),"",IF($AF72="","",ROUND(($AF72/$AF$10)*$AG$10,2))) -> 90 | AH72: =IF($AG72="","",ROUND($AG72*$AH$10,2)) -> 18 | AI72: =IF(ISERROR(IF($AF72="","",ROUND(SUM($R72,$AE72,$AH72),2))),"",IF($AF72="","",ROUND(SUM($R72,$AE72,$AH72),2))) -> 83.3 | AJ72: =IF(ISERROR(IF($AF72="","",VLOOKUP(AI72,TRANSMUTATION_TABLE,4,TRUE))),"",IF($AF72="","",VLOOKUP(AI72,TRANSMUTATION_TABLE,4,TRUE))) -> 89
A73: 11 | B73: ='INPUT DATA'!B73 -> Jimenez, Clara S. | F73: 25 | G73: 48 | H73: 18 | P73: =IF(COUNT($F73:$O73)=0,"",SUM($F73:$O73)) -> 91 | Q73: =IF(ISERROR(IF($P73="","",ROUND(($P73/$P$10)*$Q$10,2))),"",IF($P73="","",ROUND(($P73/$P$10)*$Q$10,2))) -> 91 | R73: =IF($Q73="","",ROUND($Q73*$R$10,2)) -> 27.3 | S73: 24 | AC73: =IF(COUNT($S73:$AB73)=0,"",SUM($S73:$AB73)) -> 24 | AD73: =IF(ISERROR(IF($AC73="","",ROUND(($AC73/$AC$10)*$AD$10,2))),"",IF($AC73="","",ROUND(($AC73/$AC$10)*$AD$10,2))) -> 96 | AE73: =IF($AD73="","",ROUND($AD73*$AE$10,2)) -> 48 | AF73: 49 | AG73: =IF(ISERROR(IF($AF73="","",ROUND(($AF73/$AF$10)*$AG$10,2))),"",IF($AF73="","",ROUND(($AF73/$AF$10)*$AG$10,2))) -> 98 | AH73: =IF($AG73="","",ROUND($AG73*$AH$10,2)) -> 19.6 | AI73: =IF(ISERROR(IF($AF73="","",ROUND(SUM($R73,$AE73,$AH73),2))),"",IF($AF73="","",ROUND(SUM($R73,$AE73,$AH73),2))) -> 94.9 | AJ73: =IF(ISERROR(IF($AF73="","",VLOOKUP(AI73,TRANSMUTATION_TABLE,4,TRUE))),"",IF($AF73="","",VLOOKUP(AI73,TRANSMUTATION_TABLE,4,TRUE))) -> 96
A74: 12 | B74: ='INPUT DATA'!B74 -> Lagman, Aurora V. | F74: 30 | G74: 49 | H74: 20 | P74: =IF(COUNT($F74:$O74)=0,"",SUM($F74:$O74)) -> 99 | Q74: =IF(ISERROR(IF($P74="","",ROUND(($P74/$P$10)*$Q$10,2))),"",IF($P74="","",ROUND(($P74/$P$10)*$Q$10,2))) -> 99 | R74: =IF($Q74="","",ROUND($Q74*$R$10,2)) -> 29.7 | S74: 25 | AC74: =IF(COUNT($S74:$AB74)=0,"",SUM($S74:$AB74)) -> 25 | AD74: =IF(ISERROR(IF($AC74="","",ROUND(($AC74/$AC$10)*$AD$10,2))),"",IF($AC74="","",ROUND(($AC74/$AC$10)*$AD$10,2))) -> 100 | AE74: =IF($AD74="","",ROUND($AD74*$AE$10,2)) -> 50 | AF74: 45 | AG74: =IF(ISERROR(IF($AF74="","",ROUND(($AF74/$AF$10)*$AG$10,2))),"",IF($AF74="","",ROUND(($AF74/$AF$10)*$AG$10,2))) -> 90 | AH74: =IF($AG74="","",ROUND($AG74*$AH$10,2)) -> 18 | AI74: =IF(ISERROR(IF($AF74="","",ROUND(SUM($R74,$AE74,$AH74),2))),"",IF($AF74="","",ROUND(SUM($R74,$AE74,$AH74),2))) -> 97.7 | AJ74: =IF(ISERROR(IF($AF74="","",VLOOKUP(AI74,TRANSMUTATION_TABLE,4,TRUE))),"",IF($AF74="","",VLOOKUP(AI74,TRANSMUTATION_TABLE,4,TRUE))) -> 98
... A86: 24 | B86: ='INPUT DATA'!B86 -> Zamora, Felicity P. | F86: 30 | G86: 45 | H86: 20 | P86: =IF(COUNT($F86:$O86)=0,"",SUM($F86:$O86)) -> 95 | Q86: =IF(ISERROR(IF($P86="","",ROUND(($P86/$P$10)*$Q$10,2))),"",IF($P86="","",ROUND(($P86/$P$10)*$Q$10,2))) -> 95 | R86: =IF($Q86="","",ROUND($Q86*$R$10,2)) -> 28.5 | S86: 25 | AC86: =IF(COUNT($S86:$AB86)=0,"",SUM($S86:$AB86)) -> 25 | AD86: =IF(ISERROR(IF($AC86="","",ROUND(($AC86/$AC$10)*$AD$10,2))),"",IF($AC86="","",ROUND(($AC86/$AC$10)*$AD$10,2))) -> 100 | AE86: =IF($AD86="","",ROUND($AD86*$AE$10,2)) -> 50 | AF86: 49 | AG86: =IF(ISERROR(IF($AF86="","",ROUND(($AF86/$AF$10)*$AG$10,2))),"",IF($AF86="","",ROUND(($AF86/$AF$10)*$AG$10,2))) -> 98 | AH86: =IF($AG86="","",ROUND($AG86*$AH$10,2)) -> 19.6 | AI86: =IF(ISERROR(IF($AF86="","",ROUND(SUM($R86,$AE86,$AH86),2))),"",IF($AF86="","",ROUND(SUM($R86,$AE86,$AH86),2))) -> 98.1 | AJ86: =IF(ISERROR(IF($AF86="","",VLOOKUP(AI86,TRANSMUTATION_TABLE,4,TRUE))),"",IF($AF86="","",VLOOKUP(AI86,TRANSMUTATION_TABLE,4,TRUE))) -> 98
A87: 25 | B87: ='INPUT DATA'!B87 -> 0 | P87: =IF(COUNT($F87:$O87)=0,"",SUM($F87:$O87)) | Q87: =IF(ISERROR(IF($P87="","",ROUND(($P87/$P$10)*$Q$10,2))),"",IF($P87="","",ROUND(($P87/$P$10)*$Q$10,2))) | R87: =IF($Q87="","",ROUND($Q87*$R$10,2)) | AC87: =IF(COUNT($S87:$AB87)=0,"",SUM($S87:$AB87)) | AD87: =IF(ISERROR(IF($AC87="","",ROUND(($AC87/$AC$10)*$AD$10,2))),"",IF($AC87="","",ROUND(($AC87/$AC$10)*$AD$10,2))) | AE87: =IF($AD87="","",ROUND($AD87*$AE$10,2)) | AG87: =IF(ISERROR(IF($AF87="","",ROUND(($AF87/$AF$10)*$AG$10,2))),"",IF($AF87="","",ROUND(($AF87/$AF$10)*$AG$10,2))) | AH87: =IF($AG87="","",ROUND($AG87*$AH$10,2)) | AI87: =IF(ISERROR(IF($AF87="","",ROUND(SUM($R87,$AE87,$AH87),2))),"",IF($AF87="","",ROUND(SUM($R87,$AE87,$AH87),2))) | AJ87: =IF(ISERROR(IF($AF87="","",VLOOKUP(AI87,TRANSMUTATION_TABLE,4,TRUE))),"",IF($AF87="","",VLOOKUP(AI87,TRANSMUTATION_TABLE,4,TRUE)))
A88: 26 | B88: ='INPUT DATA'!B88 -> 0 | P88: =IF(COUNT($F88:$O88)=0,"",SUM($F88:$O88)) | Q88: =IF(ISERROR(IF($P88="","",ROUND(($P88/$P$10)*$Q$10,2))),"",IF($P88="","",ROUND(($P88/$P$10)*$Q$10,2))) | R88: =IF($Q88="","",ROUND($Q88*$R$10,2)) | AC88: =IF(COUNT($S88:$AB88)=0,"",SUM($S88:$AB88)) | AD88: =IF(ISERROR(IF($AC88="","",ROUND(($AC88/$AC$10)*$AD$10,2))),"",IF($AC88="","",ROUND(($AC88/$AC$10)*$AD$10,2))) | AE88: =IF($AD88="","",ROUND($AD88*$AE$10,2)) | AG88: =IF(ISERROR(IF($AF88="","",ROUND(($AF88/$AF$10)*$AG$10,2))),"",IF($AF88="","",ROUND(($AF88/$AF$10)*$AG$10,2))) | AH88: =IF($AG88="","",ROUND($AG88*$AH$10,2)) | AI88: =IF(ISERROR(IF($AF88="","",ROUND(SUM($R88,$AE88,$AH88),2))),"",IF($AF88="","",ROUND(SUM($R88,$AE88,$AH88),2))) | AJ88: =IF(ISERROR(IF($AF88="","",VLOOKUP(AI88,TRANSMUTATION_TABLE,4,TRUE))),"",IF($AF88="","",VLOOKUP(AI88,TRANSMUTATION_TABLE,4,TRUE)))
A89: 27 | B89: ='INPUT DATA'!B89 -> 0 | P89: =IF(COUNT($F89:$O89)=0,"",SUM($F89:$O89)) | Q89: =IF(ISERROR(IF($P89="","",ROUND(($P89/$P$10)*$Q$10,2))),"",IF($P89="","",ROUND(($P89/$P$10)*$Q$10,2))) | R89: =IF($Q89="","",ROUND($Q89*$R$10,2)) | AC89: =IF(COUNT($S89:$AB89)=0,"",SUM($S89:$AB89)) | AD89: =IF(ISERROR(IF($AC89="","",ROUND(($AC89/$AC$10)*$AD$10,2))),"",IF($AC89="","",ROUND(($AC89/$AC$10)*$AD$10,2))) | AE89: =IF($AD89="","",ROUND($AD89*$AE$10,2)) | AG89: =IF(ISERROR(IF($AF89="","",ROUND(($AF89/$AF$10)*$AG$10,2))),"",IF($AF89="","",ROUND(($AF89/$AF$10)*$AG$10,2))) | AH89: =IF($AG89="","",ROUND($AG89*$AH$10,2)) | AI89: =IF(ISERROR(IF($AF89="","",ROUND(SUM($R89,$AE89,$AH89),2))),"",IF($AF89="","",ROUND(SUM($R89,$AE89,$AH89),2))) | AJ89: =IF(ISERROR(IF($AF89="","",VLOOKUP(AI89,TRANSMUTATION_TABLE,4,TRUE))),"",IF($AF89="","",VLOOKUP(AI89,TRANSMUTATION_TABLE,4,TRUE)))
A90: 28 | B90: ='INPUT DATA'!B90 -> 0 | P90: =IF(COUNT($F90:$O90)=0,"",SUM($F90:$O90)) | Q90: =IF(ISERROR(IF($P90="","",ROUND(($P90/$P$10)*$Q$10,2))),"",IF($P90="","",ROUND(($P90/$P$10)*$Q$10,2))) | R90: =IF($Q90="","",ROUND($Q90*$R$10,2)) | AC90: =IF(COUNT($S90:$AB90)=0,"",SUM($S90:$AB90)) | AD90: =IF(ISERROR(IF($AC90="","",ROUND(($AC90/$AC$10)*$AD$10,2))),"",IF($AC90="","",ROUND(($AC90/$AC$10)*$AD$10,2))) | AE90: =IF($AD90="","",ROUND($AD90*$AE$10,2)) | AG90: =IF(ISERROR(IF($AF90="","",ROUND(($AF90/$AF$10)*$AG$10,2))),"",IF($AF90="","",ROUND(($AF90/$AF$10)*$AG$10,2))) | AH90: =IF($AG90="","",ROUND($AG90*$AH$10,2)) | AI90: =IF(ISERROR(IF($AF90="","",ROUND(SUM($R90,$AE90,$AH90),2))),"",IF($AF90="","",ROUND(SUM($R90,$AE90,$AH90),2))) | AJ90: =IF(ISERROR(IF($AF90="","",VLOOKUP(AI90,TRANSMUTATION_TABLE,4,TRUE))),"",IF($AF90="","",VLOOKUP(AI90,TRANSMUTATION_TABLE,4,TRUE)))
A91: 29 | B91: ='INPUT DATA'!B91 -> 0 | P91: =IF(COUNT($F91:$O91)=0,"",SUM($F91:$O91)) | Q91: =IF(ISERROR(IF($P91="","",ROUND(($P91/$P$10)*$Q$10,2))),"",IF($P91="","",ROUND(($P91/$P$10)*$Q$10,2))) | R91: =IF($Q91="","",ROUND($Q91*$R$10,2)) | AC91: =IF(COUNT($S91:$AB91)=0,"",SUM($S91:$AB91)) | AD91: =IF(ISERROR(IF($AC91="","",ROUND(($AC91/$AC$10)*$AD$10,2))),"",IF($AC91="","",ROUND(($AC91/$AC$10)*$AD$10,2))) | AE91: =IF($AD91="","",ROUND($AD91*$AE$10,2)) | AG91: =IF(ISERROR(IF($AF91="","",ROUND(($AF91/$AF$10)*$AG$10,2))),"",IF($AF91="","",ROUND(($AF91/$AF$10)*$AG$10,2))) | AH91: =IF($AG91="","",ROUND($AG91*$AH$10,2)) | AI91: =IF(ISERROR(IF($AF91="","",ROUND(SUM($R91,$AE91,$AH91),2))),"",IF($AF91="","",ROUND(SUM($R91,$AE91,$AH91),2))) | AJ91: =IF(ISERROR(IF($AF91="","",VLOOKUP(AI91,TRANSMUTATION_TABLE,4,TRUE))),"",IF($AF91="","",VLOOKUP(AI91,TRANSMUTATION_TABLE,4,TRUE)))
A92: 30 | B92: ='INPUT DATA'!B92 -> 0 | P92: =IF(COUNT($F92:$O92)=0,"",SUM($F92:$O92)) | Q92: =IF(ISERROR(IF($P92="","",ROUND(($P92/$P$10)*$Q$10,2))),"",IF($P92="","",ROUND(($P92/$P$10)*$Q$10,2))) | R92: =IF($Q92="","",ROUND($Q92*$R$10,2)) | AC92: =IF(COUNT($S92:$AB92)=0,"",SUM($S92:$AB92)) | AD92: =IF(ISERROR(IF($AC92="","",ROUND(($AC92/$AC$10)*$AD$10,2))),"",IF($AC92="","",ROUND(($AC92/$AC$10)*$AD$10,2))) | AE92: =IF($AD92="","",ROUND($AD92*$AE$10,2)) | AG92: =IF(ISERROR(IF($AF92="","",ROUND(($AF92/$AF$10)*$AG$10,2))),"",IF($AF92="","",ROUND(($AF92/$AF$10)*$AG$10,2))) | AH92: =IF($AG92="","",ROUND($AG92*$AH$10,2)) | AI92: =IF(ISERROR(IF($AF92="","",ROUND(SUM($R92,$AE92,$AH92),2))),"",IF($AF92="","",ROUND(SUM($R92,$AE92,$AH92),2))) | AJ92: =IF(ISERROR(IF($AF92="","",VLOOKUP(AI92,TRANSMUTATION_TABLE,4,TRUE))),"",IF($AF92="","",VLOOKUP(AI92,TRANSMUTATION_TABLE,4,TRUE)))
A93: 31 | B93: ='INPUT DATA'!B93 -> 0 | P93: =IF(COUNT($F93:$O93)=0,"",SUM($F93:$O93)) | Q93: =IF(ISERROR(IF($P93="","",ROUND(($P93/$P$10)*$Q$10,2))),"",IF($P93="","",ROUND(($P93/$P$10)*$Q$10,2))) | R93: =IF($Q93="","",ROUND($Q93*$R$10,2)) | AC93: =IF(COUNT($S93:$AB93)=0,"",SUM($S93:$AB93)) | AD93: =IF(ISERROR(IF($AC93="","",ROUND(($AC93/$AC$10)*$AD$10,2))),"",IF($AC93="","",ROUND(($AC93/$AC$10)*$AD$10,2))) | AE93: =IF($AD93="","",ROUND($AD93*$AE$10,2)) | AG93: =IF(ISERROR(IF($AF93="","",ROUND(($AF93/$AF$10)*$AG$10,2))),"",IF($AF93="","",ROUND(($AF93/$AF$10)*$AG$10,2))) | AH93: =IF($AG93="","",ROUND($AG93*$AH$10,2)) | AI93: =IF(ISERROR(IF($AF93="","",ROUND(SUM($R93,$AE93,$AH93),2))),"",IF($AF93="","",ROUND(SUM($R93,$AE93,$AH93),2))) | AJ93: =IF(ISERROR(IF($AF93="","",VLOOKUP(AI93,TRANSMUTATION_TABLE,4,TRUE))),"",IF($AF93="","",VLOOKUP(AI93,TRANSMUTATION_TABLE,4,TRUE)))
A94: 32 | B94: ='INPUT DATA'!B94 -> 0 | P94: =IF(COUNT($F94:$O94)=0,"",SUM($F94:$O94)) | Q94: =IF(ISERROR(IF($P94="","",ROUND(($P94/$P$10)*$Q$10,2))),"",IF($P94="","",ROUND(($P94/$P$10)*$Q$10,2))) | R94: =IF($Q94="","",ROUND($Q94*$R$10,2)) | AC94: =IF(COUNT($S94:$AB94)=0,"",SUM($S94:$AB94)) | AD94: =IF(ISERROR(IF($AC94="","",ROUND(($AC94/$AC$10)*$AD$10,2))),"",IF($AC94="","",ROUND(($AC94/$AC$10)*$AD$10,2))) | AE94: =IF($AD94="","",ROUND($AD94*$AE$10,2)) | AG94: =IF(ISERROR(IF($AF94="","",ROUND(($AF94/$AF$10)*$AG$10,2))),"",IF($AF94="","",ROUND(($AF94/$AF$10)*$AG$10,2))) | AH94: =IF($AG94="","",ROUND($AG94*$AH$10,2)) | AI94: =IF(ISERROR(IF($AF94="","",ROUND(SUM($R94,$AE94,$AH94),2))),"",IF($AF94="","",ROUND(SUM($R94,$AE94,$AH94),2))) | AJ94: =IF(ISERROR(IF($AF94="","",VLOOKUP(AI94,TRANSMUTATION_TABLE,4,TRUE))),"",IF($AF94="","",VLOOKUP(AI94,TRANSMUTATION_TABLE,4,TRUE)))
A95: 33 | B95: ='INPUT DATA'!B95 -> 0 | P95: =IF(COUNT($F95:$O95)=0,"",SUM($F95:$O95)) | Q95: =IF(ISERROR(IF($P95="","",ROUND(($P95/$P$10)*$Q$10,2))),"",IF($P95="","",ROUND(($P95/$P$10)*$Q$10,2))) | R95: =IF($Q95="","",ROUND($Q95*$R$10,2)) | AC95: =IF(COUNT($S95:$AB95)=0,"",SUM($S95:$AB95)) | AD95: =IF(ISERROR(IF($AC95="","",ROUND(($AC95/$AC$10)*$AD$10,2))),"",IF($AC95="","",ROUND(($AC95/$AC$10)*$AD$10,2))) | AE95: =IF($AD95="","",ROUND($AD95*$AE$10,2)) | AG95: =IF(ISERROR(IF($AF95="","",ROUND(($AF95/$AF$10)*$AG$10,2))),"",IF($AF95="","",ROUND(($AF95/$AF$10)*$AG$10,2))) | AH95: =IF($AG95="","",ROUND($AG95*$AH$10,2)) | AI95: =IF(ISERROR(IF($AF95="","",ROUND(SUM($R95,$AE95,$AH95),2))),"",IF($AF95="","",ROUND(SUM($R95,$AE95,$AH95),2))) | AJ95: =IF(ISERROR(IF($AF95="","",VLOOKUP(AI95,TRANSMUTATION_TABLE,4,TRUE))),"",IF($AF95="","",VLOOKUP(AI95,TRANSMUTATION_TABLE,4,TRUE)))
A96: 34 | B96: ='INPUT DATA'!B96 -> 0 | P96: =IF(COUNT($F96:$O96)=0,"",SUM($F96:$O96)) | Q96: =IF(ISERROR(IF($P96="","",ROUND(($P96/$P$10)*$Q$10,2))),"",IF($P96="","",ROUND(($P96/$P$10)*$Q$10,2))) | R96: =IF($Q96="","",ROUND($Q96*$R$10,2)) | AC96: =IF(COUNT($S96:$AB96)=0,"",SUM($S96:$AB96)) | AD96: =IF(ISERROR(IF($AC96="","",ROUND(($AC96/$AC$10)*$AD$10,2))),"",IF($AC96="","",ROUND(($AC96/$AC$10)*$AD$10,2))) | AE96: =IF($AD96="","",ROUND($AD96*$AE$10,2)) | AG96: =IF(ISERROR(IF($AF96="","",ROUND(($AF96/$AF$10)*$AG$10,2))),"",IF($AF96="","",ROUND(($AF96/$AF$10)*$AG$10,2))) | AH96: =IF($AG96="","",ROUND($AG96*$AH$10,2)) | AI96: =IF(ISERROR(IF($AF96="","",ROUND(SUM($R96,$AE96,$AH96),2))),"",IF($AF96="","",ROUND(SUM($R96,$AE96,$AH96),2))) | AJ96: =IF(ISERROR(IF($AF96="","",VLOOKUP(AI96,TRANSMUTATION_TABLE,4,TRUE))),"",IF($AF96="","",VLOOKUP(AI96,TRANSMUTATION_TABLE,4,TRUE)))
A97: 35 | B97: ='INPUT DATA'!B97 -> 0 | P97: =IF(COUNT($F97:$O97)=0,"",SUM($F97:$O97)) | Q97: =IF(ISERROR(IF($P97="","",ROUND(($P97/$P$10)*$Q$10,2))),"",IF($P97="","",ROUND(($P97/$P$10)*$Q$10,2))) | R97: =IF($Q97="","",ROUND($Q97*$R$10,2)) | AC97: =IF(COUNT($S97:$AB97)=0,"",SUM($S97:$AB97)) | AD97: =IF(ISERROR(IF($AC97="","",ROUND(($AC97/$AC$10)*$AD$10,2))),"",IF($AC97="","",ROUND(($AC97/$AC$10)*$AD$10,2))) | AE97: =IF($AD97="","",ROUND($AD97*$AE$10,2)) | AG97: =IF(ISERROR(IF($AF97="","",ROUND(($AF97/$AF$10)*$AG$10,2))),"",IF($AF97="","",ROUND(($AF97/$AF$10)*$AG$10,2))) | AH97: =IF($AG97="","",ROUND($AG97*$AH$10,2)) | AI97: =IF(ISERROR(IF($AF97="","",ROUND(SUM($R97,$AE97,$AH97),2))),"",IF($AF97="","",ROUND(SUM($R97,$AE97,$AH97),2))) | AJ97: =IF(ISERROR(IF($AF97="","",VLOOKUP(AI97,TRANSMUTATION_TABLE,4,TRUE))),"",IF($AF97="","",VLOOKUP(AI97,TRANSMUTATION_TABLE,4,TRUE)))
A98: 36 | B98: ='INPUT DATA'!B98 -> 0 | P98: =IF(COUNT($F98:$O98)=0,"",SUM($F98:$O98)) | Q98: =IF(ISERROR(IF($P98="","",ROUND(($P98/$P$10)*$Q$10,2))),"",IF($P98="","",ROUND(($P98/$P$10)*$Q$10,2))) | R98: =IF($Q98="","",ROUND($Q98*$R$10,2)) | AC98: =IF(COUNT($S98:$AB98)=0,"",SUM($S98:$AB98)) | AD98: =IF(ISERROR(IF($AC98="","",ROUND(($AC98/$AC$10)*$AD$10,2))),"",IF($AC98="","",ROUND(($AC98/$AC$10)*$AD$10,2))) | AE98: =IF($AD98="","",ROUND($AD98*$AE$10,2)) | AG98: =IF(ISERROR(IF($AF98="","",ROUND(($AF98/$AF$10)*$AG$10,2))),"",IF($AF98="","",ROUND(($AF98/$AF$10)*$AG$10,2))) | AH98: =IF($AG98="","",ROUND($AG98*$AH$10,2)) | AI98: =IF(ISERROR(IF($AF98="","",ROUND(SUM($R98,$AE98,$AH98),2))),"",IF($AF98="","",ROUND(SUM($R98,$AE98,$AH98),2))) | AJ98: =IF(ISERROR(IF($AF98="","",VLOOKUP(AI98,TRANSMUTATION_TABLE,4,TRUE))),"",IF($AF98="","",VLOOKUP(AI98,TRANSMUTATION_TABLE,4,TRUE)))
... A112: 50 | B112: ='INPUT DATA'!B112 -> 0 | P112: =IF(COUNT($F112:$O112)=0,"",SUM($F112:$O112)) | Q112: =IF(ISERROR(IF($P112="","",ROUND(($P112/$P$10)*$Q$10,2))),"",IF($P112="","",ROUND(($P112/$P$10)*$Q$10,2))) | R112: =IF($Q112="","",ROUND($Q112*$R$10,2)) | AC112: =IF(COUNT($S112:$AB112)=0,"",SUM($S112:$AB112)) | AD112: =IF(ISERROR(IF($AC112="","",ROUND(($AC112/$AC$10)*$AD$10,2))),"",IF($AC112="","",ROUND(($AC112/$AC$10)*$AD$10,2))) | AE112: =IF($AD112="","",ROUND($AD112*$AE$10,2)) | AG112: =IF(ISERROR(IF($AF112="","",ROUND(($AF112/$AF$10)*$AG$10,2))),"",IF($AF112="","",ROUND(($AF112/$AF$10)*$AG$10,2))) | AH112: =IF($AG112="","",ROUND($AG112*$AH$10,2)) | AI112: =IF(ISERROR(IF($AF112="","",ROUND(SUM($R112,$AE112,$AH112),2))),"",IF($AF112="","",ROUND(SUM($R112,$AE112,$AH112),2))) | AJ112: =IF(ISERROR(IF($AF112="","",VLOOKUP(AI112,TRANSMUTATION_TABLE,4,TRUE))),"",IF($AF112="","",VLOOKUP(AI112,TRANSMUTATION_TABLE,4,TRUE)))

Sheet ENGLISH _Q4
A1: Class Record
A3: (Pursuant to Deped Order 8 series of 2015)
C4: REGION | G4: ='INPUT DATA'!G4 -> 0 | L4: DIVISION | O4: ='INPUT DATA'!O4 -> 0
B5: SCHOOL NAME | G5: ='INPUT DATA'!G5 -> 0 | T5: SCHOOL ID | X5: ='INPUT DATA'!X5 -> 0 | AD5: SCHOOL YEAR | AG5: ='INPUT DATA'!AG5 -> 0
A7: FOURTH QUARTER | F7: GRADE & SECTION: | K7: ='INPUT DATA'!K7 -> 0 | Q7: TEACHER: | S7: ='INPUT DATA'!S7 -> 0 | AC7: SUBJECT: | AG7: ='INPUT DATA'!AG7 -> 0
B8: LEARNERS' NAMES | F8: WRITTEN WORKS (30%) | S8: PERFORMANCE TASKS (50%) | AF8: QUARTERLY ASSESSMENT (20%) | AI8: Initial | AJ8: Quarterly
F9: 1 | G9: 2 | H9: 3 | I9: 4 | J9: 5 | K9: 6 | L9: 7 | M9: 8 | N9: 9 | O9: 10 | P9: Total | Q9: PS | R9: WS | S9: 1 | T9: 2 | U9: 3 | V9: 4 | W9: 5 | X9: 6 | Y9: 7 | Z9: 8 | AA9: 9 | AB9: 10 | AC9: Total | AD9: PS | AE9: WS | AF9: 1 | AG9: PS | AH9: WS | AI9: Grade | AJ9: Grade
B10: HIGHEST POSSIBLE SCORE | F10: 30 | G10: 50 | H10: 20 | P10: =IF(COUNT($F10:$O10)=0,"",SUM($F10:$O10)) -> 100 | Q10: 100 | R10: 0.3 | S10: 45 | AC10: =IF(COUNT($S10:$AB10)=0,"",SUM($S10:$AB10)) -> 45 | AD10: 100 | AE10: 0.5 | AF10: 20 | AG10: 100 | AH10: 0.2
B11: MALE
A12: 1 | B12: ='INPUT DATA'!B12 -> Quan, Dean D. | F12: 30 | G12: 50 | H12: 20 | P12: =IF(COUNT($F12:$O12)=0,"",SUM($F12:$O12)) -> 100 | Q12: =IF(ISERROR(IF($P12="","",ROUND(($P12/$P$10)*$Q$10,2))),"",IF($P12="","",ROUND(($P12/$P$10)*$Q$10,2))) -> 100 | R12: =IF($Q12="","",ROUND($Q12*$R$10,2)) -> 30 | S12: 45 | AC12: =IF(COUNT($S12:$AB12)=0,"",SUM($S12:$AB12)) -> 45 | AD12: =IF(ISERROR(IF($AC12="","",ROUND(($AC12/$AC$10)*$AD$10,2))),"",IF($AC12="","",ROUND(($AC12/$AC$10)*$AD$10,2))) -> 100 | AE12: =IF($AD12="","",ROUND($AD12*$AE$10,2)) -> 50 | AF12: 20 | AG12: =IF(ISERROR(IF($AF12="","",ROUND(($AF12/$AF$10)*$AG$10,2))),"",IF($AF12="","",ROUND(($AF12/$AF$10)*$AG$10,2))) -> 100 | AH12: =IF($AG12="","",ROUND($AG12*$AH$10,2)) -> 20 | AI12: =IF(ISERROR(IF($AF12="","",ROUND(SUM($R12,$AE12,$AH12),2))),"",IF($AF12="","",ROUND(SUM($R12,$AE12,$AH12),2))) -> 100 | AJ12: =IF(ISERROR(IF($AF12="","",VLOOKUP(AI12,TRANSMUTATION_TABLE,4,TRUE))),"",IF($AF12="","",VLOOKUP(AI12,TRANSMUTATION_TABLE,4,TRUE))) -> 100
A13: 2 | B13: ='INPUT DATA'!B13 -> Beltran, Julian S. | F13: 29 | G13: 49 | H13: 19 | P13: =IF(COUNT($F13:$O13)=0,"",SUM($F13:$O13)) -> 97 | Q13: =IF(ISERROR(IF($P13="","",ROUND(($P13/$P$10)*$Q$10,2))),"",IF($P13="","",ROUND(($P13/$P$10)*$Q$10,2))) -> 97 | R13: =IF($Q13="","",ROUND($Q13*$R$10,2)) -> 29.1 | S13: 44 | AC13: =IF(COUNT($S13:$AB13)=0,"",SUM($S13:$AB13)) -> 44 | AD13: =IF(ISERROR(IF($AC13="","",ROUND(($AC13/$AC$10)*$AD$10,2))),"",IF($AC13="","",ROUND(($AC13/$AC$10)*$AD$10,2))) -> 97.78 | AE13: =IF($AD13="","",ROUND($AD13*$AE$10,2)) -> 48.89 | AF13: 19 | AG13: =IF(ISERROR(IF($AF13="","",ROUND(($AF13/$AF$10)*$AG$10,2))),"",IF($AF13="","",ROUND(($AF13/$AF$10)*$AG$10,2))) -> 95 | AH13: =IF($AG13="","",ROUND($AG13*$AH$10,2)) -> 19 | AI13: =IF(ISERROR(IF($AF13="","",ROUND(SUM($R13,$AE13,$AH13),2))),"",IF($AF13="","",ROUND(SUM($R13,$AE13,$AH13),2))) -> 96.99 | AJ13: =IF(ISERROR(IF($AF13="","",VLOOKUP(AI13,TRANSMUTATION_TABLE,4,TRUE))),"",IF($AF13="","",VLOOKUP(AI13,TRANSMUTATION_TABLE,4,TRUE))) -> 98
A14: 3 | B14: ='INPUT DATA'!B14 -> Castro, Angelo P. | F14: 28 | G14: 48 | H14: 18 | P14: =IF(COUNT($F14:$O14)=0,"",SUM($F14:$O14)) -> 94 | Q14: =IF(ISERROR(IF($P14="","",ROUND(($P14/$P$10)*$Q$10,2))),"",IF($P14="","",ROUND(($P14/$P$10)*$Q$10,2))) -> 94 | R14: =IF($Q14="","",ROUND($Q14*$R$10,2)) -> 28.2 | S14: 45 | AC14: =IF(COUNT($S14:$AB14)=0,"",SUM($S14:$AB14)) -> 45 | AD14: =IF(ISERROR(IF($AC14="","",ROUND(($AC14/$AC$10)*$AD$10,2))),"",IF($AC14="","",ROUND(($AC14/$AC$10)*$AD$10,2))) -> 100 | AE14: =IF($AD14="","",ROUND($AD14*$AE$10,2)) -> 50 | AF14: 17 | AG14: =IF(ISERROR(IF($AF14="","",ROUND(($AF14/$AF$10)*$AG$10,2))),"",IF($AF14="","",ROUND(($AF14/$AF$10)*$AG$10,2))) -> 85 | AH14: =IF($AG14="","",ROUND($AG14*$AH$10,2)) -> 17 | AI14: =IF(ISERROR(IF($AF14="","",ROUND(SUM($R14,$AE14,$AH14),2))),"",IF($AF14="","",ROUND(SUM($R14,$AE14,$AH14),2))) -> 95.2 | AJ14: =IF(ISERROR(IF($AF14="","",VLOOKUP(AI14,TRANSMUTATION_TABLE,4,TRUE))),"",IF($AF14="","",VLOOKUP(AI14,TRANSMUTATION_TABLE,4,TRUE))) -> 97
A15: 4 | B15: ='INPUT DATA'!B15 -> Dela Cruz, Mateo G. | F15: 27 | G15: 49 | H15: 18 | P15: =IF(COUNT($F15:$O15)=0,"",SUM($F15:$O15)) -> 94 | Q15: =IF(ISERROR(IF($P15="","",ROUND(($P15/$P$10)*$Q$10,2))),"",IF($P15="","",ROUND(($P15/$P$10)*$Q$10,2))) -> 94 | R15: =IF($Q15="","",ROUND($Q15*$R$10,2)) -> 28.2 | S15: 43 | AC15: =IF(COUNT($S15:$AB15)=0,"",SUM($S15:$AB15)) -> 43 | AD15: =IF(ISERROR(IF($AC15="","",ROUND(($AC15/$AC$10)*$AD$10,2))),"",IF($AC15="","",ROUND(($AC15/$AC$10)*$AD$10,2))) -> 95.56 | AE15: =IF($AD15="","",ROUND($AD15*$AE$10,2)) -> 47.78 | AF15: 17 | AG15: =IF(ISERROR(IF($AF15="","",ROUND(($AF15/$AF$10)*$AG$10,2))),"",IF($AF15="","",ROUND(($AF15/$AF$10)*$AG$10,2))) -> 85 | AH15: =IF($AG15="","",ROUND($AG15*$AH$10,2)) -> 17 | AI15: =IF(ISERROR(IF($AF15="","",ROUND(SUM($R15,$AE15,$AH15),2))),"",IF($AF15="","",ROUND(SUM($R15,$AE15,$AH15),2))) -> 92.98 | AJ15: =IF(ISERROR(IF($AF15="","",VLOOKUP(AI15,TRANSMUTATION_TABLE,4,TRUE))),"",IF($AF15="","",VLOOKUP(AI15,TRANSMUTATION_TABLE,4,TRUE))) -> 95
A16: 5 | B16: ='INPUT DATA'!B16 -> Enriquez, David J. | F16: 30 | G16: 48 | H16: 19 | P16: =IF(COUNT($F16:$O16)=0,"",SUM($F16:$O16)) -> 97 | Q16: =IF(ISERROR(IF($P16="","",ROUND(($P16/$P$10)*$Q$10,2))),"",IF($P16="","",ROUND(($P16/$P$10)*$Q$10,2))) -> 97 | R16: =IF($Q16="","",ROUND($Q16*$R$10,2)) -> 29.1 | S16: 45 | AC16: =IF(COUNT($S16:$AB16)=0,"",SUM($S16:$AB16)) -> 45 | AD16: =IF(ISERROR(IF($AC16="","",ROUND(($AC16/$AC$10)*$AD$10,2))),"",IF($AC16="","",ROUND(($AC16/$AC$10)*$AD$10,2))) -> 100 | AE16: =IF($AD16="","",ROUND($AD16*$AE$10,2)) -> 50 | AF16: 17 | AG16: =IF(ISERROR(IF($AF16="","",ROUND(($AF16/$AF$10)*$AG$10,2))),"",IF($AF16="","",ROUND(($AF16/$AF$10)*$AG$10,2))) -> 85 | AH16: =IF($AG16="","",ROUND($AG16*$AH$10,2)) -> 17 | AI16: =IF(ISERROR(IF($AF16="","",ROUND(SUM($R16,$AE16,$AH16),2))),"",IF($AF16="","",ROUND(SUM($R16,$AE16,$AH16),2))) -> 96.1 | AJ16: =IF(ISERROR(IF($AF16="","",VLOOKUP(AI16,TRANSMUTATION_TABLE,4,TRUE))),"",IF($AF16="","",VLOOKUP(AI16,TRANSMUTATION_TABLE,4,TRUE))) -> 97
A17: 6 | B17: ='INPUT DATA'!B17 -> Fajardo, Simon T. | F17: 28 | G17: 49 | H17: 17 | P17: =IF(COUNT($F17:$O17)=0,"",SUM($F17:$O17)) -> 94 | Q17: =IF(ISERROR(IF($P17="","",ROUND(($P17/$P$10)*$Q$10,2))),"",IF($P17="","",ROUND(($P17/$P$10)*$Q$10,2))) -> 94 | R17: =IF($Q17="","",ROUND($Q17*$R$10,2)) -> 28.2 | S17: 40 | AC17: =IF(COUNT($S17:$AB17)=0,"",SUM($S17:$AB17)) -> 40 | AD17: =IF(ISERROR(IF($AC17="","",ROUND(($AC17/$AC$10)*$AD$10,2))),"",IF($AC17="","",ROUND(($AC17/$AC$10)*$AD$10,2))) -> 88.89 | AE17: =IF($AD17="","",ROUND($AD17*$AE$10,2)) -> 44.45 | AF17: 19 | AG17: =IF(ISERROR(IF($AF17="","",ROUND(($AF17/$AF$10)*$AG$10,2))),"",IF($AF17="","",ROUND(($AF17/$AF$10)*$AG$10,2))) -> 95 | AH17: =IF($AG17="","",ROUND($AG17*$AH$10,2)) -> 19 | AI17: =IF(ISERROR(IF($AF17="","",ROUND(SUM($R17,$AE17,$AH17),2))),"",IF($AF17="","",ROUND(SUM($R17,$AE17,$AH17),2))) -> 91.65 | AJ17: =IF(ISERROR(IF($AF17="","",VLOOKUP(AI17,TRANSMUTATION_TABLE,4,TRUE))),"",IF($AF17="","",VLOOKUP(AI17,TRANSMUTATION_TABLE,4,TRUE))) -> 94
A18: 7 | B18: ='INPUT DATA'!B18 -> Garcia, Rafael V. | F18: 29 | G18: 48 | H18: 20 | P18: =IF(COUNT($F18:$O18)=0,"",SUM($F18:$O18)) -> 97 | Q18: =IF(ISERROR(IF($P18="","",ROUND(($P18/$P$10)*$Q$10,2))),"",IF($P18="","",ROUND(($P18/$P$10)*$Q$10,2))) -> 97 | R18: =IF($Q18="","",ROUND($Q18*$R$10,2)) -> 29.1 | S18: 44 | AC18: =IF(COUNT($S18:$AB18)=0,"",SUM($S18:$AB18)) -> 44 | AD18: =IF(ISERROR(IF($AC18="","",ROUND(($AC18/$AC$10)*$AD$10,2))),"",IF($AC18="","",ROUND(($AC18/$AC$10)*$AD$10,2))) -> 97.78 | AE18: =IF($AD18="","",ROUND($AD18*$AE$10,2)) -> 48.89 | AF18: 17 | AG18: =IF(ISERROR(IF($AF18="","",ROUND(($AF18/$AF$10)*$AG$10,2))),"",IF($AF18="","",ROUND(($AF18/$AF$10)*$AG$10,2))) -> 85 | AH18: =IF($AG18="","",ROUND($AG18*$AH$10,2)) -> 17 | AI18: =IF(ISERROR(IF($AF18="","",ROUND(SUM($R18,$AE18,$AH18),2))),"",IF($AF18="","",ROUND(SUM($R18,$AE18,$AH18),2))) -> 94.99 | AJ18: =IF(ISERROR(IF($AF18="","",VLOOKUP(AI18,TRANSMUTATION_TABLE,4,TRUE))),"",IF($AF18="","",VLOOKUP(AI18,TRANSMUTATION_TABLE,4,TRUE))) -> 96
A19: 8 | B19: ='INPUT DATA'!B19 -> Hernandez, Luis M. | D19: 0 | F19: 28 | G19: 49 | H19: 17 | P19: =IF(COUNT($F19:$O19)=0,"",SUM($F19:$O19)) -> 94 | Q19: =IF(ISERROR(IF($P19="","",ROUND(($P19/$P$10)*$Q$10,2))),"",IF($P19="","",ROUND(($P19/$P$10)*$Q$10,2))) -> 94 | R19: =IF($Q19="","",ROUND($Q19*$R$10,2)) -> 28.2 | S19: 40 | AC19: =IF(COUNT($S19:$AB19)=0,"",SUM($S19:$AB19)) -> 40 | AD19: =IF(ISERROR(IF($AC19="","",ROUND(($AC19/$AC$10)*$AD$10,2))),"",IF($AC19="","",ROUND(($AC19/$AC$10)*$AD$10,2))) -> 88.89 | AE19: =IF($AD19="","",ROUND($AD19*$AE$10,2)) -> 44.45 | AF19: 17 | AG19: =IF(ISERROR(IF($AF19="","",ROUND(($AF19/$AF$10)*$AG$10,2))),"",IF($AF19="","",ROUND(($AF19/$AF$10)*$AG$10,2))) -> 85 | AH19: =IF($AG19="","",ROUND($AG19*$AH$10,2)) -> 17 | AI19: =IF(ISERROR(IF($AF19="","",ROUND(SUM($R19,$AE19,$AH19),2))),"",IF($AF19="","",ROUND(SUM($R19,$AE19,$AH19),2))) -> 89.65 | AJ19: =IF(ISERROR(IF($AF19="","",VLOOKUP(AI19,TRANSMUTATION_TABLE,4,TRUE))),"",IF($AF19="","",VLOOKUP(AI19,TRANSMUTATION_TABLE,4,TRUE))) -> 93
A20: 9 | B20: ='INPUT DATA'!B20 -> Ignacio, Kevin R. | F20: 27 | G20: 50 | H20: 19 | P20: =IF(COUNT($F20:$O20)=0,"",SUM($F20:$O20)) -> 96 | Q20: =IF(ISERROR(IF($P20="","",ROUND(($P20/$P$10)*$Q$10,2))),"",IF($P20="","",ROUND(($P20/$P$10)*$Q$10,2))) -> 96 | R20: =IF($Q20="","",ROUND($Q20*$R$10,2)) -> 28.8 | S20: 43 | AC20: =IF(COUNT($S20:$AB20)=0,"",SUM($S20:$AB20)) -> 43 | AD20: =IF(ISERROR(IF($AC20="","",ROUND(($AC20/$AC$10)*$AD$10,2))),"",IF($AC20="","",ROUND(($AC20/$AC$10)*$AD$10,2))) -> 95.56 | AE20: =IF($AD20="","",ROUND($AD20*$AE$10,2)) -> 47.78 | AF20: 17 | AG20: =IF(ISERROR(IF($AF20="","",ROUND(($AF20/$AF$10)*$AG$10,2))),"",IF($AF20="","",ROUND(($AF20/$AF$10)*$AG$10,2))) -> 85 | AH20: =IF($AG20="","",ROUND($AG20*$AH$10,2)) -> 17 | AI20: =IF(ISERROR(IF($AF20="","",ROUND(SUM($R20,$AE20,$AH20),2))),"",IF($AF20="","",ROUND(SUM($R20,$AE20,$AH20),2))) -> 93.58 | AJ20: =IF(ISERROR(IF($AF20="","",VLOOKUP(AI20,TRANSMUTATION_TABLE,4,TRUE))),"",IF($AF20="","",VLOOKUP(AI20,TRANSMUTATION_TABLE,4,TRUE))) -> 95
A21: 10 | B21: ='INPUT DATA'!B21 -> Javier, Marcus D. | F21: 28 | G21: 49 | H21: 18 | P21: =IF(COUNT($F21:$O21)=0,"",SUM($F21:$O21)) -> 95 | Q21: =IF(ISERROR(IF($P21="","",ROUND(($P21/$P$10)*$Q$10,2))),"",IF($P21="","",ROUND(($P21/$P$10)*$Q$10,2))) -> 95 | R21: =IF($Q21="","",ROUND($Q21*$R$10,2)) -> 28.5 | S21: 40 | AC21: =IF(COUNT($S21:$AB21)=0,"",SUM($S21:$AB21)) -> 40 | AD21: =IF(ISERROR(IF($AC21="","",ROUND(($AC21/$AC$10)*$AD$10,2))),"",IF($AC21="","",ROUND(($AC21/$AC$10)*$AD$10,2))) -> 88.89 | AE21: =IF($AD21="","",ROUND($AD21*$AE$10,2)) -> 44.45 | AF21: 17 | AG21: =IF(ISERROR(IF($AF21="","",ROUND(($AF21/$AF$10)*$AG$10,2))),"",IF($AF21="","",ROUND(($AF21/$AF$10)*$AG$10,2))) -> 85 | AH21: =IF($AG21="","",ROUND($AG21*$AH$10,2)) -> 17 | AI21: =IF(ISERROR(IF($AF21="","",ROUND(SUM($R21,$AE21,$AH21),2))),"",IF($AF21="","",ROUND(SUM($R21,$AE21,$AH21),2))) -> 89.95 | AJ21: =IF(ISERROR(IF($AF21="","",VLOOKUP(AI21,TRANSMUTATION_TABLE,4,TRUE))),"",IF($AF21="","",VLOOKUP(AI21,TRANSMUTATION_TABLE,4,TRUE))) -> 93
A22: 11 | B22: ='INPUT DATA'!B22 -> Lim, Justin B. | D22: 0 | F22: 30 | G22: 50 | H22: 20 | P22: =IF(COUNT($F22:$O22)=0,"",SUM($F22:$O22)) -> 100 | Q22: =IF(ISERROR(IF($P22="","",ROUND(($P22/$P$10)*$Q$10,2))),"",IF($P22="","",ROUND(($P22/$P$10)*$Q$10,2))) -> 100 | R22: =IF($Q22="","",ROUND($Q22*$R$10,2)) -> 30 | S22: 45 | AC22: =IF(COUNT($S22:$AB22)=0,"",SUM($S22:$AB22)) -> 45 | AD22: =IF(ISERROR(IF($AC22="","",ROUND(($AC22/$AC$10)*$AD$10,2))),"",IF($AC22="","",ROUND(($AC22/$AC$10)*$AD$10,2))) -> 100 | AE22: =IF($AD22="","",ROUND($AD22*$AE$10,2)) -> 50 | AF22: 19 | AG22: =IF(ISERROR(IF($AF22="","",ROUND(($AF22/$AF$10)*$AG$10,2))),"",IF($AF22="","",ROUND(($AF22/$AF$10)*$AG$10,2))) -> 95 | AH22: =IF($AG22="","",ROUND($AG22*$AH$10,2)) -> 19 | AI22: =IF(ISERROR(IF($AF22="","",ROUND(SUM($R22,$AE22,$AH22),2))),"",IF($AF22="","",ROUND(SUM($R22,$AE22,$AH22),2))) -> 99 | AJ22: =IF(ISERROR(IF($AF22="","",VLOOKUP(AI22,TRANSMUTATION_TABLE,4,TRUE))),"",IF($AF22="","",VLOOKUP(AI22,TRANSMUTATION_TABLE,4,TRUE))) -> 99
A23: 12 | B23: ='INPUT DATA'!B23 -> Mercado, Nathan F. | F23: 27 | G23: 48 | H23: 19 | P23: =IF(COUNT($F23:$O23)=0,"",SUM($F23:$O23)) -> 94 | Q23: =IF(ISERROR(IF($P23="","",ROUND(($P23/$P$10)*$Q$10,2))),"",IF($P23="","",ROUND(($P23/$P$10)*$Q$10,2))) -> 94 | R23: =IF($Q23="","",ROUND($Q23*$R$10,2)) -> 28.2 | S23: 40 | AC23: =IF(COUNT($S23:$AB23)=0,"",SUM($S23:$AB23)) -> 40 | AD23: =IF(ISERROR(IF($AC23="","",ROUND(($AC23/$AC$10)*$AD$10,2))),"",IF($AC23="","",ROUND(($AC23/$AC$10)*$AD$10,2))) -> 88.89 | AE23: =IF($AD23="","",ROUND($AD23*$AE$10,2)) -> 44.45 | AF23: 17 | AG23: =IF(ISERROR(IF($AF23="","",ROUND(($AF23/$AF$10)*$AG$10,2))),"",IF($AF23="","",ROUND(($AF23/$AF$10)*$AG$10,2))) -> 85 | AH23: =IF($AG23="","",ROUND($AG23*$AH$10,2)) -> 17 | AI23: =IF(ISERROR(IF($AF23="","",ROUND(SUM($R23,$AE23,$AH23),2))),"",IF($AF23="","",ROUND(SUM($R23,$AE23,$AH23),2))) -> 89.65 | AJ23: =IF(ISERROR(IF($AF23="","",VLOOKUP(AI23,TRANSMUTATION_TABLE,4,TRUE))),"",IF($AF23="","",VLOOKUP(AI23,TRANSMUTATION_TABLE,4,TRUE))) -> 93
A24: 13 | B24: ='INPUT DATA'!B24 -> Naval, Patrick S. | F24: 28 | G24: 49 | H24: 17 | P24: =IF(COUNT($F24:$O24)=0,"",SUM($F24:$O24)) -> 94 | Q24: =IF(ISERROR(IF($P24="","",ROUND(($P24/$P$10)*$Q$10,2))),"",IF($P24="","",ROUND(($P24/$P$10)*$Q$10,2))) -> 94 | R24: =IF($Q24="","",ROUND($Q24*$R$10,2)) -> 28.2 | S24: 40 | AC24: =IF(COUNT($S24:$AB24)=0,"",SUM($S24:$AB24)) -> 40 | AD24: =IF(ISERROR(IF($AC24="","",ROUND(($AC24/$AC$10)*$AD$10,2))),"",IF($AC24="","",ROUND(($AC24/$AC$10)*$AD$10,2))) -> 88.89 | AE24: =IF($AD24="","",ROUND($AD24*$AE$10,2)) -> 44.45 | AF24: 17 | AG24: =IF(ISERROR(IF($AF24="","",ROUND(($AF24/$AF$10)*$AG$10,2))),"",IF($AF24="","",ROUND(($AF24/$AF$10)*$AG$10,2))) -> 85 | AH24: =IF($AG24="","",ROUND($AG24*$AH$10,2)) -> 17 | AI24: =IF(ISERROR(IF($AF24="","",ROUND(SUM($R24,$AE24,$AH24),2))),"",IF($AF24="","",ROUND(SUM($R24,$AE24,$AH24),2))) -> 89.65 | AJ24: =IF(ISERROR(IF($AF24="","",VLOOKUP(AI24,TRANSMUTATION_TABLE,4,TRUE))),"",IF($AF24="","",VLOOKUP(AI24,TRANSMUTATION_TABLE,4,TRUE))) -> 93
A25: 14 | B25: ='INPUT DATA'!B25 -> Ocampo, Gabriel C. | F25: 29 | G25: 48 | H25: 18 | P25: =IF(COUNT($F25:$O25)=0,"",SUM($F25:$O25)) -> 95 | Q25: =IF(ISERROR(IF($P25="","",ROUND(($P25/$P$10)*$Q$10,2))),"",IF($P25="","",ROUND(($P25/$P$10)*$Q$10,2))) -> 95 | R25: =IF($Q25="","",ROUND($Q25*$R$10,2)) -> 28.5 | S25: 40 | AC25: =IF(COUNT($S25:$AB25)=0,"",SUM($S25:$AB25)) -> 40 | AD25: =IF(ISERROR(IF($AC25="","",ROUND(($AC25/$AC$10)*$AD$10,2))),"",IF($AC25="","",ROUND(($AC25/$AC$10)*$AD$10,2))) -> 88.89 | AE25: =IF($AD25="","",ROUND($AD25*$AE$10,2)) -> 44.45 | AF25: 18 | AG25: =IF(ISERROR(IF($AF25="","",ROUND(($AF25/$AF$10)*$AG$10,2))),"",IF($AF25="","",ROUND(($AF25/$AF$10)*$AG$10,2))) -> 90 | AH25: =IF($AG25="","",ROUND($AG25*$AH$10,2)) -> 18 | AI25: =IF(ISERROR(IF($AF25="","",ROUND(SUM($R25,$AE25,$AH25),2))),"",IF($AF25="","",ROUND(SUM($R25,$AE25,$AH25),2))) -> 90.95 | AJ25: =IF(ISERROR(IF($AF25="","",VLOOKUP(AI25,TRANSMUTATION_TABLE,4,TRUE))),"",IF($AF25="","",VLOOKUP(AI25,TRANSMUTATION_TABLE,4,TRUE))) -> 94
A26: 15 | B26: ='INPUT DATA'!B26 -> Pascual, Cedric A. | F26: 28 | G26: 48 | H26: 20 | P26: =IF(COUNT($F26:$O26)=0,"",SUM($F26:$O26)) -> 96 | Q26: =IF(ISERROR(IF($P26="","",ROUND(($P26/$P$10)*$Q$10,2))),"",IF($P26="","",ROUND(($P26/$P$10)*$Q$10,2))) -> 96 | R26: =IF($Q26="","",ROUND($Q26*$R$10,2)) -> 28.8 | S26: 45 | AC26: =IF(COUNT($S26:$AB26)=0,"",SUM($S26:$AB26)) -> 45 | AD26: =IF(ISERROR(IF($AC26="","",ROUND(($AC26/$AC$10)*$AD$10,2))),"",IF($AC26="","",ROUND(($AC26/$AC$10)*$AD$10,2))) -> 100 | AE26: =IF($AD26="","",ROUND($AD26*$AE$10,2)) -> 50 | AF26: 18 | AG26: =IF(ISERROR(IF($AF26="","",ROUND(($AF26/$AF$10)*$AG$10,2))),"",IF($AF26="","",ROUND(($AF26/$AF$10)*$AG$10,2))) -> 90 | AH26: =IF($AG26="","",ROUND($AG26*$AH$10,2)) -> 18 | AI26: =IF(ISERROR(IF($AF26="","",ROUND(SUM($R26,$AE26,$AH26),2))),"",IF($AF26="","",ROUND(SUM($R26,$AE26,$AH26),2))) -> 96.8 | AJ26: =IF(ISERROR(IF($AF26="","",VLOOKUP(AI26,TRANSMUTATION_TABLE,4,TRUE))),"",IF($AF26="","",VLOOKUP(AI26,TRANSMUTATION_TABLE,4,TRUE))) -> 98
A27: 16 | B27: ='INPUT DATA'!B27 -> Quizon, Timothy E. | F27: 27 | G27: 49 | H27: 19 | P27: =IF(COUNT($F27:$O27)=0,"",SUM($F27:$O27)) -> 95 | Q27: =IF(ISERROR(IF($P27="","",ROUND(($P27/$P$10)*$Q$10,2))),"",IF($P27="","",ROUND(($P27/$P$10)*$Q$10,2))) -> 95 | R27: =IF($Q27="","",ROUND($Q27*$R$10,2)) -> 28.5 | S27: 40 | AC27: =IF(COUNT($S27:$AB27)=0,"",SUM($S27:$AB27)) -> 40 | AD27: =IF(ISERROR(IF($AC27="","",ROUND(($AC27/$AC$10)*$AD$10,2))),"",IF($AC27="","",ROUND(($AC27/$AC$10)*$AD$10,2))) -> 88.89 | AE27: =IF($AD27="","",ROUND($AD27*$AE$10,2)) -> 44.45 | AF27: 18 | AG27: =IF(ISERROR(IF($AF27="","",ROUND(($AF27/$AF$10)*$AG$10,2))),"",IF($AF27="","",ROUND(($AF27/$AF$10)*$AG$10,2))) -> 90 | AH27: =IF($AG27="","",ROUND($AG27*$AH$10,2)) -> 18 | AI27: =IF(ISERROR(IF($AF27="","",ROUND(SUM($R27,$AE27,$AH27),2))),"",IF($AF27="","",ROUND(SUM($R27,$AE27,$AH27),2))) -> 90.95 | AJ27: =IF(ISERROR(IF($AF27="","",VLOOKUP(AI27,TRANSMUTATION_TABLE,4,TRUE))),"",IF($AF27="","",VLOOKUP(AI27,TRANSMUTATION_TABLE,4,TRUE))) -> 94
